Disease ID,Organism ID,Relationship
1,1,1
1,2,1
1,3,1
2,4,1
2,5,1
2,6,1
2,7,1
2,8,1
2,9,1
2,10,1
2,11,1
2,12,1
2,13,1
2,14,1
2,15,1
2,16,1
2,17,1
2,18,1
2,19,1
3,6,1
3,20,1
3,21,1
3,22,1
3,6,1
3,20,1
3,22,1
3,23,1
3,24,1
3,25,1
3,26,1
3,27,1
3,28,1
3,29,1
3,30,1
3,24,1
3,26,1
3,27,1
3,31,1
3,28,1
4,23,1
4,25,1
4,26,1
4,27,1
4,32,1
5,33,1
5,34,1
5,35,1
5,36,1
5,37,1
6,38,1
6,38,1
6,38,1
6,39,1
6,39,1
6,40,1
6,41,1
6,42,1
6,33,1
6,9,1
7,43,1
7,14,1
7,44,1
7,45,1
7,46,1
7,47,1
7,48,1
7,49,1
7,4,1
7,50,1
7,51,1
7,52,1
7,53,1
7,54,1
7,8,1
7,6,1
7,55,1
7,56,1
7,57,1
7,58,1
7,59,1
8,60,1
8,1,1
9,1,1
9,1,1
9,61,1
9,61,1
9,9,1
9,58,1
9,14,1
9,9,1
9,58,1
9,14,1
9,62,1
9,61,1
9,36,1
9,52,1
9,43,1
9,9,1
9,63,1
9,14,1
9,64,1
9,65,1
9,35,1
9,66,1
9,67,1
9,62,1
9,68,1
9,69,1
9,70,1
9,71,1
9,72,1
10,62,1
10,73,1
10,61,1
10,51,1
10,52,1
10,54,1
11,74,1
11,75,1
12,61,1
12,76,1
12,43,1
12,77,1
12,78,1
12,79,1
12,80,1
12,81,1
12,82,1
12,83,1
12,84,1
12,85,1
12,86,1
12,87,1
12,88,1
12,89,1
12,90,1
12,91,1
12,92,1
12,93,1
12,94,1
12,95,1
12,96,1
12,97,1
12,98,1
12,99,1
13,61,1
13,100,1
13,100,1
14,101,1
14,102,1
14,103,1
14,104,1
14,105,1
14,106,1
14,107,1
14,108,1
14,109,1
14,110,1
14,111,1
14,112,1
14,113,1
14,114,1
14,115,1
14,116,1
14,22,1
14,117,1
14,118,1
14,119,1
14,120,1
15,121,1
15,122,1
15,37,1
3,123,1
3,124,1
3,36,1
3,125,1
3,126,1
3,67,1
3,127,1
3,2,1
3,42,1
3,58,1
3,64,1
3,128,1
3,63,1
3,1,1
3,129,1
3,52,1
3,43,1
3,130,1
3,14,1
3,131,1
3,132,1
3,53,1
3,133,1
3,134,1
3,33,1
3,41,1
3,62,1
3,135,1
3,57,1
3,136,1
3,137,1
3,138,1
3,6,1
3,139,1
3,140,1
3,141,1
3,142,1
3,143,1
3,144,1
3,56,1
3,145,1
3,146,1
3,147,1
3,148,1
3,149,1
3,150,1
16,36,1
16,43,1
4,20,1
4,136,1
4,44,1
3,20,1
3,136,1
3,44,1
17,151,1
17,152,1
17,153,1
17,154,1
1,33,1
1,1,1
1,41,1
1,124,1
1,155,1
1,156,1
1,157,1
1,15,1
1,158,1
1,66,1
1,159,1
1,43,1
1,127,1
1,2,1
1,160,1
1,161,1
1,60,1
1,162,1
1,163,1
1,136,1
1,163,1
1,46,1
1,47,1
1,164,1
1,21,1
1,165,1
1,166,1
1,167,1
1,56,1
1,10,1
1,60,1
1,168,1
1,169,1
1,170,1
1,33,1
1,39,1
1,171,1
1,21,1
1,172,1
1,142,1
1,173,1
1,174,1
1,175,1
1,176,1
1,177,1
1,178,1
1,179,1
1,146,1
1,180,1
1,181,1
1,175,1
1,142,1
1,182,1
1,48,1
1,183,1
1,184,1
1,185,1
1,186,1
1,187,1
1,49,1
1,188,1
1,189,1
1,190,1
1,20,1
1,191,1
1,136,1
18,192,1
18,54,1
18,51,1
18,193,1
18,51,1
18,194,1
18,195,1
18,196,1
18,52,1
18,197,1
18,198,1
18,193,1
18,14,1
18,36,1
18,79,1
18,64,1
18,43,1
18,131,1
19,64,1
2,199,1
2,64,1
2,131,1
2,200,1
2,201,1
2,33,1
2,2,1
2,126,1
2,54,1
2,202,1
2,66,1
2,52,1
2,203,1
2,36,1
2,203,1
2,66,1
2,204,1
20,205,1
20,206,1
20,207,1
20,208,1
20,131,1
20,58,1
20,133,1
20,128,1
20,209,1
20,210,1
20,51,1
20,209,1
20,211,1
20,212,1
20,202,1
20,213,1
21,212,1
21,44,1
21,33,1
21,214,1
21,6,1
21,215,1
21,36,1
21,194,1
21,127,1
21,216,1
21,216,1
21,14,1
21,217,1
21,218,1
21,66,1
21,64,1
21,215,1
21,33,1
21,1,1
21,126,1
21,194,1
21,14,1
21,54,1
21,64,1
21,66,1
21,219,1
21,172,1
21,220,1
21,1,1
21,43,1
21,35,1
21,221,1
21,222,1
21,223,1
21,96,1
21,224,1
21,225,1
21,134,1
21,226,1
21,227,1
21,228,1
21,229,1
21,230,1
21,231,1
21,232,1
21,233,1
21,208,1
21,59,1
22,8,1
22,62,1
22,73,1
22,220,1
6,234,1
6,235,1
6,236,1
6,54,1
6,237,1
6,202,1
6,159,1
6,212,1
6,212,1
6,231,1
6,238,1
6,239,1
6,63,1
6,159,1
6,199,1
3,172,1
4,219,1
23,36,1
3,33,1
3,170,1
3,85,1
4,43,1
3,14,1
3,131,1
3,240,1
3,241,1
3,65,1
4,242,1
3,1,1
3,243,1
4,61,1
3,101,1
3,67,1
3,73,1
4,244,1
3,8,1
3,172,1
3,6,1
3,189,1
3,74,1
3,75,1
3,220,1
3,60,1
3,41,1
3,245,1
3,179,1
3,246,1
3,247,1
3,189,1
3,220,1
3,6,1
3,179,1
3,248,1
23,219,1
23,172,1
23,6,1
23,33,1
3,219,1
3,172,1
3,6,1
3,33,1
4,219,1
4,172,1
4,6,1
4,33,1
4,249,1
4,2,1
4,2,1
3,96,1
3,224,1
3,250,1
5,219,1
5,38,1
5,216,1
5,55,1
5,35,1
5,58,1
5,240,1
5,60,1
5,42,1
5,251,1
5,252,1
5,253,1
5,254,1
5,255,1
5,256,1
5,33,1
5,51,1
5,220,1
5,45,1
5,257,1
5,258,1
5,10,1
5,138,1
5,60,1
5,129,1
5,52,1
5,259,1
5,260,1
5,261,1
5,262,1
5,263,1
5,31,1
5,172,1
5,142,1
5,264,1
5,79,1
5,241,1
5,240,1
5,179,1
5,194,1
5,265,1
5,266,1
5,49,1
5,267,1
5,216,1
5,63,1
5,14,1
5,20,1
5,191,1
16,14,1
16,268,1
16,269,1
16,76,1
16,76,1
16,270,1
16,61,1
16,271,1
16,45,1
16,18,1
16,272,1
16,273,1
16,274,1
16,13,1
16,275,1
16,276,1
16,189,1
16,21,1
16,277,1
16,278,1
16,279,1
16,197,1
16,280,1
16,44,1
16,281,1
16,179,1
16,8,1
16,6,1
16,205,1
16,243,1
16,76,1
16,62,1
16,78,1
16,282,1
16,283,1
16,284,1
16,113,1
16,285,1
16,286,1
16,287,1
16,288,1
16,289,1
16,290,1
16,291,1
16,292,1
16,293,1
16,294,1
16,295,1
16,100,1
16,243,1
16,36,1
16,76,1
16,43,1
16,61,1
16,294,1
16,219,1
16,172,1
16,220,1
16,33,1
16,296,1
16,212,1
16,92,1
16,97,1
16,297,1
16,243,1
16,288,1
16,1,1
16,298,1
16,294,1
16,61,1
16,216,1
16,133,1
16,295,1
16,66,1
16,265,1
16,292,1
16,299,1
16,300,1
16,197,1
16,52,1
16,202,1
16,64,1
16,124,1
16,86,1
16,301,1
16,76,1
16,78,1
16,228,1
16,302,1
16,303,1
16,304,1
16,64,1
16,194,1
16,63,1
16,33,1
16,78,1
16,305,1
16,302,1
16,306,1
16,307,1
16,123,1
16,170,1
16,2,1
16,58,1
16,300,1
24,14,1
24,58,1
24,170,1
24,308,1
7,309,1
7,310,1
7,28,1
7,177,1
7,311,1
7,312,1
7,313,1
7,314,1
7,315,1
25,316,1
25,270,1
25,225,1
7,219,1
7,296,1
25,317,1
7,43,1
7,1,1
7,318,1
7,319,1
25,320,1
25,321,1
25,50,1
25,322,1
25,323,1
25,281,1
25,206,1
26,220,1
26,151,1
26,60,1
26,165,1
26,8,1
26,6,1
26,257,1
26,138,1
26,43,1
26,219,1
26,33,1
26,1,1
26,9,1
26,35,1
26,36,1
8,324,1
8,201,1
27,281,1
28,26,1
8,172,1
8,190,1
8,33,1
8,203,1
8,60,1
8,9,1
8,325,1
8,220,1
8,1,1
8,33,1
8,33,1
8,26,1
8,326,1
8,322,1
8,32,1
8,27,1
8,327,1
8,328,1
8,31,1
8,206,1
8,329,1
8,330,1
8,24,1
8,331,1
8,332,1
8,333,1
8,334,1
8,335,1
8,336,1
8,337,1
8,338,1
8,339,1
8,340,1
8,341,1
8,342,1
8,281,1
8,343,1
8,344,1
29,345,1
29,176,1
29,346,1
29,176,1
29,182,1
30,61,1
30,35,1
30,225,1
30,88,1
30,96,1
30,305,1
31,6,1
31,44,1
31,347,1
32,6,1
32,60,1
9,64,1
9,54,1
9,202,1
9,212,1
30,348,1
30,43,1
30,206,1
30,32,1
30,327,1
30,96,1
30,349,1
30,43,1
30,206,1
30,32,1
30,327,1
33,22,1
33,350,1
34,33,1
34,157,1
34,144,1
34,92,1
34,351,1
34,6,1
35,54,1
35,202,1
35,352,1
35,234,1
35,199,1
35,159,1
35,215,1
8,6,1
36,267,1
37,353,1
37,270,1
37,242,1
37,62,1
37,212,1
37,239,1
37,302,1
37,43,1
37,218,1
37,66,1
37,36,1
37,194,1
37,127,1
37,79,1
37,216,1
37,64,1
37,63,1
37,14,1
37,131,1
37,129,1
37,217,1
37,354,1
37,355,1
37,352,1
38,356,1
38,76,1
38,201,1
38,76,1
38,43,1
38,357,1
38,358,1
38,64,1
38,9,1
38,359,1
38,64,1
38,359,1
38,76,1
38,43,1
38,1,1
38,1,1
38,33,1
38,33,1
39,41,1
39,52,1
39,7,1
39,168,1
39,360,1
39,361,1
39,35,1
39,248,1
39,362,1
8,363,1
8,364,1
37,63,1
37,127,1
37,58,1
37,14,1
37,131,1
37,51,1
37,78,1
37,306,1
37,305,1
37,76,1
40,182,1
40,365,1
37,366,1
40,367,1
37,36,1
37,51,1
37,52,1
37,368,1
37,369,1
37,18,1
37,370,1
37,371,1
37,372,1
37,373,1
37,374,1
37,375,1
37,74,1
37,162,1
37,376,1
41,377,1
41,378,1
37,345,1
37,212,1
37,59,1
37,379,1
37,352,1
37,51,1
37,54,1
37,380,1
37,202,1
37,381,1
37,382,1
37,43,1
37,36,1
37,51,1
37,379,1
37,292,1
37,383,1
37,194,1
37,127,1
42,384,1
42,324,1
37,59,1
37,385,1
37,62,1
37,82,1
37,73,1
37,303,1
37,92,1
37,294,1
37,270,1
43,33,1
43,386,1
43,43,1
43,196,1
44,61,1
44,225,1
44,76,1
44,387,1
44,241,1
44,388,1
44,389,1
44,62,1
44,194,1
44,61,1
44,36,1
44,52,1
44,64,1
44,43,1
30,390,1
30,225,1
30,229,1
30,305,1
30,96,1
30,35,1
30,43,1
30,294,1
14,33,1
14,391,1
5,14,1
5,54,1
5,1,1
5,61,1
45,33,1
45,1,1
46,33,1
46,212,1
46,205,1
46,6,1
30,277,1
30,355,1
30,392,1
30,43,1
30,32,1
47,393,1
47,394,1
47,395,1
47,396,1
47,397,1
47,27,1
47,398,1
47,399,1
47,309,1
47,31,1
25,344,1
25,336,1
37,400,1
48,401,1
48,32,1
48,402,1
25,43,1
25,225,1
25,35,1
25,305,1
25,93,1
49,208,1
49,302,1
49,403,1
49,24,1
49,404,1
49,405,1
49,360,1
49,364,1
49,27,1
49,406,1
49,23,1
49,402,1
49,407,1
50,55,1
50,408,1
50,409,1
50,395,1
50,410,1
50,394,1
50,206,1
50,230,1
50,403,1
50,328,1
50,360,1
50,406,1
50,411,1
50,398,1
50,412,1
50,377,1
50,24,1
50,404,1
50,336,1
50,410,1
50,394,1
50,413,1
50,88,1
50,31,1
50,414,1
50,281,1
50,344,1
40,124,1
40,247,1
40,385,1
40,62,1
40,122,1
40,269,1
40,415,1
40,43,1
40,305,1
40,79,1
30,416,1
30,28,1
30,417,1
30,364,1
30,418,1
30,245,1
30,419,1
30,324,1
30,54,1
30,331,1
13,420,1
13,421,1
13,86,1
13,422,1
13,94,1
13,382,1
13,420,1
13,86,1
13,422,1
13,94,1
13,382,1
13,61,1
13,92,1
13,100,1
51,6,1
7,238,1
52,363,1
52,364,1
52,43,1
52,423,1
52,424,1
52,424,1
52,425,1
52,206,1
52,426,1
52,427,1
52,428,1
52,429,1
52,430,1
52,1,1
52,43,1
52,424,1
52,423,1
52,223,1
52,63,1
52,431,1
52,432,1
52,433,1
52,77,1
52,434,1
52,79,1
52,435,1
52,305,1
52,67,1
52,292,1
52,436,1
37,434,1
52,423,1
52,296,1
52,225,1
52,424,1
52,427,1
52,79,1
52,426,1
52,424,1
52,437,1
52,438,1
52,78,1
52,439,1
52,440,1
52,43,1
52,332,1
52,225,1
52,425,1
52,441,1
52,1,1
52,442,1
52,423,1
52,43,1
52,424,1
52,386,1
52,296,1
52,443,1
52,431,1
52,264,1
37,363,1
53,25,1
53,444,1
53,441,1
14,6,1
14,50,1
14,33,1
14,445,1
14,368,1
14,51,1
14,177,1
14,266,1
14,20,1
14,6,1
14,212,1
14,377,1
14,50,1
14,44,1
14,446,1
14,257,1
14,75,1
14,56,1
14,60,1
14,143,1
14,447,1
14,45,1
14,122,1
14,322,1
14,165,1
15,448,1
14,448,1
54,61,1
54,227,1
54,43,1
54,35,1
54,1,1
54,294,1
54,295,1
15,61,1
15,227,1
15,43,1
15,35,1
15,1,1
15,294,1
15,295,1
15,403,1
15,95,1
15,390,1
15,341,1
15,449,1
15,134,1
15,55,1
15,450,1
15,451,1
15,452,1
15,453,1
15,88,1
15,454,1
15,455,1
15,456,1
15,286,1
15,457,1
15,95,1
15,227,1
15,458,1
15,229,1
15,96,1
15,459,1
15,1,1
15,349,1
15,296,1
15,460,1
15,461,1
15,462,1
15,463,1
15,224,1
15,134,1
15,464,1
15,465,1
15,33,1
15,466,1
15,61,1
15,99,1
15,366,1
15,79,1
15,35,1
15,88,1
15,467,1
15,90,1
15,403,1
15,388,1
15,58,1
15,468,1
15,9,1
15,78,1
15,77,1
15,225,1
15,76,1
15,469,1
15,470,1
15,101,1
15,82,1
15,67,1
15,471,1
15,270,1
15,262,1
15,43,1
15,85,1
15,96,1
15,250,1
15,472,1
37,384,1
37,324,1
37,43,1
14,51,1
14,54,1
14,64,1
14,59,1
14,73,1
14,41,1
14,35,1
14,424,1
14,473,1
14,194,1
55,308,1
55,43,1
55,88,1
55,225,1
55,229,1
55,96,1
15,43,1
15,134,1
15,35,1
15,226,1
15,294,1
56,308,1
56,43,1
56,93,1
56,305,1
56,262,1
56,88,1
56,229,1
56,230,1
56,134,1
57,100,1
57,474,1
57,229,1
57,475,1
57,92,1
58,26,1
58,121,1
14,200,1
14,201,1
14,384,1
14,324,1
14,384,1
14,476,1
14,205,1
14,248,1
14,35,1
14,322,1
14,384,1
14,179,1
14,350,1
14,8,1
59,229,1
59,477,1
59,61,1
60,200,1
60,61,1
60,226,1
60,224,1
60,43,1
61,9,1
61,216,1
61,8,1
61,478,1
34,1,1
34,322,1
34,479,1
34,480,1
34,481,1
62,31,1
62,482,1
62,259,1
62,483,1
62,480,1
62,481,1
62,484,1
62,485,1
62,342,1
62,55,1
63,486,1
64,36,1
64,476,1
65,202,1
65,159,1
65,355,1
65,3,1
66,347,1
66,391,1
66,36,1
66,487,1
67,201,1
3,488,1
3,384,1
4,488,1
4,489,1
4,490,1
4,324,1
68,229,1
68,491,1
68,492,1
68,493,1
25,96,1
25,229,1
25,228,1
25,226,1
25,225,1
25,61,1
25,35,1
25,296,1
25,58,1
25,494,1
25,78,1
25,305,1
25,262,1
25,250,1
25,93,1
69,384,1
69,200,1
69,324,1
69,201,1
69,495,1
69,496,1
69,243,1
69,294,1
54,303,1
54,497,1
63,83,1
63,498,1
63,270,1
63,499,1
63,288,1
63,500,1
63,36,1
63,61,1
63,41,1
63,443,1
63,127,1
63,424,1
63,78,1
63,58,1
63,131,1
63,64,1
63,80,1
63,100,1
63,501,1
63,33,1
63,296,1
63,1,1
63,43,1
63,79,1
63,502,1
63,503,1
63,504,1
63,431,1
63,386,1
63,268,1
63,505,1
66,426,1
66,506,1
70,292,1
71,61,1
72,321,1
72,340,1
73,61,1
73,35,1
5,50,1
5,303,1
5,101,1
5,292,1
5,67,1
5,507,1
55,182,1
26,194,1
26,226,1
26,63,1
26,79,1
26,65,1
2,214,1
2,204,1
2,54,1
43,404,1
43,508,1
43,227,1
43,413,1
43,342,1
43,321,1
43,40,1
43,224,1
43,227,1
43,35,1
74,121,1
74,224,1
74,509,1
74,24,1
74,377,1
74,225,1
74,510,1
16,76,1
16,296,1
16,305,1
16,127,1
75,1,1
75,100,1
75,511,1
75,512,1
75,513,1
75,92,1
75,514,1
75,283,1
75,41,1
75,61,1
14,515,1
14,215,1
14,213,1
14,516,1
14,41,1
14,36,1
14,517,1
14,14,1
14,43,1
14,129,1
14,64,1
14,33,1
76,270,1
76,295,1
76,35,1
77,134,1
77,77,1
78,43,1
78,303,1
78,305,1
78,134,1
78,64,1
78,193,1
78,14,1
78,33,1
78,127,1
78,388,1
7,43,1
7,1,1
7,518,1
7,61,1
7,292,1
7,514,1
7,64,1
7,229,1
7,303,1
7,294,1
7,127,1
7,197,1
7,216,1
7,196,1
7,217,1
7,134,1
7,519,1
7,63,1
7,92,1
7,268,1
7,163,1
7,228,1
7,304,1
7,520,1
7,521,1
7,129,1
7,300,1
7,204,1
7,522,1
7,138,1
7,34,1
7,44,1
7,257,1
7,20,1
7,523,1
7,168,1
7,16,1
7,368,1
16,281,1
25,281,1
79,524,1
79,525,1
79,483,1
80,36,1
80,197,1
80,52,1
80,2,1
80,129,1
80,294,1
80,62,1
80,292,1
80,1,1
80,124,1
81,225,1
81,526,1
81,88,1
81,294,1
81,357,1
81,475,1
81,527,1
81,100,1
37,384,1
37,200,1
37,520,1
30,61,1
30,230,1
30,134,1
30,528,1
82,60,1
82,33,1
82,1,1
58,529,1
58,530,1
58,294,1
58,26,1
58,37,1
58,531,1
58,532,1
58,298,1
58,26,1
58,346,1
58,450,1
58,533,1
58,534,1
58,535,1
58,536,1
58,537,1
58,37,1
58,121,1
58,455,1
58,538,1
58,539,1
58,540,1
58,541,1
7,542,1
7,18,1
7,6,1
7,54,1
7,203,1
7,543,1
67,66,1
67,36,1
67,347,1
67,1,1
67,193,1
67,202,1
25,296,1
25,33,1
25,36,1
25,284,1
25,43,1
25,352,1
25,64,1
25,230,1
25,403,1
25,217,1
25,544,1
25,131,1
25,35,1
25,545,1
25,54,1
25,546,1
25,547,1
25,548,1
25,471,1
25,493,1
25,294,1
25,212,1
25,549,1
25,382,1
25,66,1
83,201,1
83,495,1
83,550,1
83,324,1
83,384,1
3,551,1
3,283,1
3,36,1
3,134,1
3,450,1
3,304,1
3,127,1
3,522,1
3,377,1
3,354,1
3,129,1
3,552,1
3,553,1
3,126,1
3,9,1
3,554,1
3,63,1
3,14,1
3,123,1
3,64,1
3,131,1
3,267,1
3,6,1
3,75,1
3,204,1
3,555,1
3,556,1
3,450,1
3,179,1
3,377,1
3,488,1
3,83,1
3,380,1
3,63,1
3,123,1
3,131,1
3,267,1
7,33,1
84,6,1
84,20,1
84,557,1
84,217,1
84,173,1
84,53,1
84,46,1
84,266,1
84,164,1
84,558,1
84,559,1
84,57,1
84,560,1
84,56,1
84,216,1
84,267,1
84,13,1
84,165,1
84,561,1
84,398,1
84,5,1
84,562,1
84,138,1
84,220,1
84,563,1
84,257,1
84,60,1
84,11,1
84,564,1
84,52,1
84,18,1
84,565,1
84,566,1
84,143,1
84,50,1
84,38,1
84,170,1
84,76,1
1,6,1
1,272,1
1,557,1
1,217,1
1,173,1
1,53,1
1,567,1
1,142,1
1,568,1
1,145,1
1,266,1
1,49,1
1,164,1
1,558,1
1,559,1
1,57,1
1,56,1
1,216,1
1,569,1
1,149,1
1,570,1
1,165,1
1,398,1
1,5,1
1,138,1
1,220,1
1,563,1
1,135,1
1,60,1
1,45,1
1,11,1
1,564,1
1,571,1
1,18,1
1,565,1
1,566,1
1,556,1
1,143,1
1,572,1
1,573,1
1,50,1
1,73,1
1,22,1
1,76,1
1,44,1
67,496,1
85,123,1
85,193,1
85,136,1
85,149,1
85,555,1
30,40,1
30,342,1
30,305,1
30,387,1
30,310,1
30,61,1
30,574,1
30,575,1
30,576,1
30,225,1
30,577,1
86,79,1
86,578,1
86,54,1
86,131,1
86,79,1
86,14,1
86,131,1
86,212,1
87,54,1
87,169,1
87,579,1
87,294,1
87,580,1
87,287,1
87,581,1
87,337,1
87,218,1
87,225,1
87,206,1
87,55,1
87,76,1
87,326,1
87,582,1
87,332,1
87,583,1
16,36,1
16,14,1
16,131,1
16,193,1
16,305,1
16,78,1
16,77,1
16,76,1
88,200,1
88,234,1
88,52,1
88,42,1
88,352,1
88,51,1
88,424,1
88,584,1
88,193,1
88,2,1
88,1,1
88,58,1
88,490,1
88,53,1
88,468,1
88,585,1
88,300,1
88,64,1
88,43,1
88,36,1
7,92,1
7,229,1
7,100,1
7,491,1
7,92,1
7,526,1
7,61,1
7,586,1
7,287,1
7,587,1
7,588,1
7,589,1
7,92,1
7,521,1
21,222,1
21,354,1
21,236,1
21,44,1
21,566,1
21,18,1
21,368,1
21,590,1
10,591,1
10,592,1
10,593,1
10,304,1
10,386,1
10,594,1
10,595,1
10,35,1
10,41,1
10,226,1
10,91,1
10,305,1
10,227,1
10,76,1
10,596,1
5,192,1
5,52,1
5,476,1
5,128,1
89,76,1
89,328,1
89,206,1
89,411,1
89,305,1
87,597,1
87,386,1
87,303,1
87,43,1
87,58,1
87,389,1
87,598,1
87,79,1
86,6,1
86,54,1
86,33,1
90,50,1
90,1,1
90,229,1
15,49,1
15,599,1
91,51,1
91,128,1
91,292,1
91,359,1
92,35,1
92,227,1
92,76,1
72,35,1
72,227,1
72,76,1
36,220,1
36,257,1
36,258,1
36,10,1
36,60,1
36,172,1
36,75,1
36,191,1
36,266,1
36,600,1
51,450,1
48,334,1
48,339,1
93,6,1
94,304,1
94,93,1
37,55,1
37,32,1
94,296,1
94,36,1
94,601,1
94,79,1
94,435,1
94,131,1
94,305,1
94,123,1
52,281,1
52,109,1
52,315,1
52,61,1
95,199,1
95,602,1
93,6,1
93,347,1
93,131,1
93,14,1
93,603,1
93,22,1
15,95,1
93,6,1
93,131,1
15,61,1
15,226,1
51,26,1
51,346,1
96,604,1
51,61,1
51,100,1
51,229,1
3,61,1
3,43,1
4,43,1
3,227,1
3,35,1
4,35,1
48,225,1
4,226,1
97,200,1
3,226,1
3,228,1
98,605,1
55,170,1
55,4,1
55,64,1
99,450,1
99,346,1
100,229,1
100,606,1
100,607,1
100,608,1
100,609,1
100,133,1
100,610,1
100,611,1
100,612,1
100,586,1
100,613,1
100,551,1
100,614,1
100,615,1
101,281,1
101,414,1
101,249,1
99,450,1
99,616,1
99,617,1
99,346,1
102,321,1
72,321,1
103,194,1
103,127,1
103,131,1
103,43,1
43,14,1
43,53,1
104,618,1
104,61,1
104,298,1
104,43,1
104,100,1
104,97,1
104,201,1
104,619,1
104,294,1
104,620,1
104,92,1
104,297,1
104,227,1
39,621,1
105,229,1
105,519,1
106,229,1
106,61,1
106,435,1
106,100,1
106,519,1
54,95,1
58,100,1
58,435,1
39,41,1
39,76,1
39,1,1
39,622,1
39,61,1
39,304,1
51,33,1
51,26,1
24,308,1
39,623,1
39,2,1
39,197,1
39,127,1
39,54,1
39,380,1
39,35,1
3,14,1
107,1,1
26,61,1
26,54,1
26,355,1
26,231,1
26,43,1
34,43,1
34,54,1
34,355,1
108,66,1
108,238,1
108,159,1
108,9,1
108,285,1
108,234,1
109,62,1
109,54,1
109,424,1
109,43,1
109,14,1
110,384,1
110,201,1
110,61,1
110,224,1
110,76,1
3,220,1
4,15,1
3,6,1
3,48,1
3,624,1
4,179,1
34,43,1
34,476,1
34,54,1
34,424,1
34,159,1
34,625,1
34,384,1
111,66,1
111,131,1
111,389,1
13,52,1
13,626,1
111,127,1
13,127,1
111,51,1
111,52,1
13,54,1
13,202,1
13,324,1
54,63,1
54,35,1
54,64,1
54,224,1
112,537,1
112,534,1
112,26,1
112,627,1
112,348,1
112,628,1
34,212,1
34,206,1
34,228,1
34,54,1
34,5,1
34,402,1
34,302,1
34,88,1
34,322,1
34,629,1
34,408,1
34,630,1
34,296,1
34,631,1
34,1,1
34,41,1
34,33,1
34,36,1
34,92,1
34,385,1
34,73,1
34,303,1
113,200,1
113,201,1
114,384,1
114,200,1
114,201,1
114,324,1
115,384,1
115,200,1
115,212,1
116,61,1
116,35,1
116,226,1
116,227,1
54,618,1
54,632,1
54,633,1
54,634,1
54,549,1
117,33,1
117,36,1
117,64,1
117,195,1
117,51,1
117,61,1
117,635,1
117,131,1
117,194,1
55,1,1
3,50,1
118,61,1
118,35,1
118,43,1
118,61,1
118,61,1
72,61,1
72,228,1
72,366,1
72,89,1
72,384,1
72,302,1
119,636,1
119,637,1
119,638,1
119,223,1
119,302,1
119,305,1
119,234,1
119,639,1
119,43,1
2,488,1
2,384,1
30,640,1
30,641,1
30,642,1
30,485,1
30,28,1
30,342,1
30,643,1
3,170,1
3,644,1
3,645,1
3,44,1
3,646,1
3,6,1
120,36,1
120,647,1
120,52,1
120,43,1
120,51,1
120,519,1
120,435,1
16,33,1
51,33,1
51,9,1
51,1,1
121,270,1
121,227,1
121,229,1
121,230,1
122,14,1
122,6,1
123,1,1
123,241,1
123,35,1
123,41,1
123,76,1
3,351,1
3,33,1
124,629,1
124,334,1
124,344,1
124,580,1
124,32,1
124,410,1
124,402,1
124,343,1
124,323,1
124,330,1
125,648,1
125,649,1
125,650,1
125,41,1
125,61,1
124,206,1
124,651,1
124,652,1
124,653,1
3,6,1
12,224,1
12,61,1
12,76,1
12,43,1
12,77,1
12,78,1
12,79,1
12,90,1
12,88,1
12,87,1
12,93,1
12,349,1
13,6,1
17,6,1
54,200,1
54,345,1
126,131,1
126,194,1
126,64,1
126,58,1
126,14,1
126,9,1
126,127,1
126,594,1
126,196,1
126,92,1
126,224,1
126,121,1
126,327,1
126,56,1
126,560,1
10,324,1
10,648,1
10,172,1
10,654,1
124,655,1
124,581,1
124,61,1
124,334,1
124,640,1
124,656,1
124,331,1
124,261,1
58,324,1
36,200,1
127,227,1
127,100,1
58,26,1
124,640,1
124,134,1
124,657,1
124,206,1
124,658,1
124,659,1
124,392,1
124,660,1
124,343,1
124,324,1
124,661,1
124,54,1
124,490,1
124,662,1
124,663,1
124,495,1
124,330,1
124,355,1
124,580,1
124,664,1
124,525,1
124,23,1
124,665,1
124,334,1
124,336,1
124,317,1
124,652,1
124,629,1
124,651,1
124,666,1
124,471,1
124,323,1
124,344,1
4,54,1
4,223,1
4,33,1
3,33,1
3,54,1
3,223,1
4,1,1
3,33,1
4,33,1
8,33,1
8,51,1
8,194,1
8,127,1
8,58,1
8,14,1
8,217,1
8,131,1
8,43,1
8,435,1
8,515,1
8,62,1
128,43,1
128,435,1
128,515,1
128,62,1
128,33,1
128,51,1
128,194,1
128,127,1
128,58,1
128,14,1
128,217,1
128,131,1
129,6,1
129,75,1
6,35,1
6,424,1
6,79,1
6,296,1
6,43,1
6,227,1
6,226,1
130,389,1
130,123,1
130,1,1
130,14,1
130,127,1
130,131,1
130,208,1
130,468,1
130,193,1
6,559,1
6,143,1
6,302,1
6,667,1
6,355,1
131,668,1
46,43,1
46,96,1
46,229,1
46,270,1
46,91,1
46,305,1
46,93,1
46,58,1
46,494,1
6,76,1
6,90,1
6,58,1
6,494,1
6,669,1
6,225,1
6,43,1
6,96,1
6,88,1
6,91,1
6,596,1
6,548,1
130,51,1
130,129,1
130,598,1
130,193,1
130,62,1
130,1,1
130,599,1
130,473,1
130,61,1
6,36,1
6,9,1
101,78,1
101,520,1
101,77,1
101,305,1
101,366,1
101,302,1
101,76,1
101,670,1
101,83,1
101,240,1
101,557,1
101,620,1
101,671,1
101,672,1
101,387,1
101,673,1
101,366,1
101,305,1
101,79,1
69,76,1
3,50,1
3,246,1
3,674,1
3,675,1
3,46,1
3,172,1
3,6,1
3,9,1
3,190,1
3,248,1
3,56,1
3,676,1
3,36,1
3,677,1
3,138,1
3,678,1
3,50,1
3,179,1
3,9,1
3,172,1
3,6,1
3,679,1
3,36,1
3,680,1
132,681,1
132,377,1
132,682,1
132,683,1
132,684,1
132,685,1
132,631,1
132,168,1
132,686,1
132,687,1
132,6,1
132,688,1
132,138,1
132,689,1
132,690,1
132,55,1
132,691,1
132,692,1
132,693,1
132,694,1
132,695,1
132,343,1
48,225,1
48,305,1
6,234,1
6,235,1
6,236,1
6,237,1
6,54,1
6,202,1
6,159,1
6,212,1
6,54,1
6,202,1
6,194,1
6,352,1
6,159,1
6,212,1
128,648,1
128,324,1
133,61,1
133,134,1
133,230,1
133,224,1
133,201,1
134,696,1
134,522,1
134,555,1
134,75,1
134,212,1
134,697,1
134,698,1
134,35,1
134,61,1
134,303,1
134,393,1
134,699,1
134,700,1
134,55,1
134,701,1
134,702,1
135,201,1
135,287,1
135,703,1
135,415,1
135,239,1
135,202,1
135,54,1
135,223,1
7,704,1
7,705,1
7,486,1
7,22,1
3,6,1
6,349,1
6,218,1
6,9,1
6,83,1
6,41,1
6,216,1
6,53,1
6,65,1
136,14,1
136,35,1
136,349,1
136,424,1
136,706,1
136,239,1
136,33,1
136,41,1
137,324,1
137,200,1
5,50,1
5,303,1
5,67,1
5,1,1
5,134,1
138,50,1
138,303,1
138,67,1
138,1,1
69,36,1
69,127,1
69,216,1
69,64,1
69,73,1
69,131,1
5,264,1
5,79,1
5,33,1
5,216,1
5,194,1
5,707,1
5,134,1
5,62,1
5,129,1
5,36,1
5,51,1
4,6,1
4,560,1
4,39,1
16,149,1
16,23,1
16,365,1
16,281,1
16,525,1
139,324,1
139,163,1
139,217,1
139,64,1
139,226,1
139,35,1
139,9,1
139,1,1
139,61,1
139,294,1
139,303,1
139,212,1
128,324,1
128,172,1
17,708,1
17,212,1
17,618,1
17,668,1
3,648,1
3,172,1
4,36,1
4,1,1
4,50,1
3,138,1
3,257,1
3,60,1
30,206,1
30,655,1
30,55,1
30,631,1
30,709,1
30,581,1
30,524,1
30,28,1
30,710,1
30,574,1
30,310,1
30,322,1
30,377,1
130,54,1
130,212,1
130,59,1
130,238,1
130,194,1
130,43,1
130,324,1
130,202,1
21,194,1
21,64,1
21,131,1
21,61,1
21,83,1
21,41,1
103,588,1
103,129,1
103,711,1
103,283,1
103,712,1
26,559,1
26,713,1
26,714,1
26,715,1
26,151,1
26,716,1
26,486,1
26,182,1
26,36,1
26,60,1
26,257,1
26,220,1
21,216,1
21,64,1
21,563,1
21,717,1
21,11,1
21,718,1
21,478,1
21,719,1
21,258,1
21,18,1
21,267,1
21,74,1
21,217,1
21,33,1
21,139,1
21,720,1
21,721,1
21,75,1
21,722,1
21,470,1
140,202,1
141,33,1
141,1,1
141,159,1
141,79,1
141,50,1
141,702,1
141,701,1
142,36,1
142,58,1
142,54,1
142,227,1
142,134,1
142,61,1
6,366,1
6,61,1
6,226,1
6,1,1
6,461,1
6,270,1
6,134,1
142,36,1
142,227,1
142,134,1
142,61,1
3,220,1
3,43,1
3,648,1
4,43,1
4,220,1
4,8,1
4,648,1
3,8,1
3,172,1
3,6,1
4,172,1
4,6,1
35,42,1
35,67,1
35,76,1
35,303,1
35,129,1
35,388,1
35,58,1
35,270,1
35,14,1
35,41,1
35,52,1
35,9,1
35,227,1
35,33,1
35,170,1
35,224,1
35,134,1
35,229,1
35,386,1
35,163,1
35,196,1
35,64,1
35,424,1
35,43,1
143,292,1
143,43,1
143,35,1
143,197,1
143,131,1
143,52,1
143,723,1
24,50,1
24,303,1
24,724,1
24,61,1
24,310,1
24,365,1
24,725,1
24,20,1
24,4,1
24,56,1
24,6,1
24,36,1
24,18,1
24,566,1
56,334,1
56,336,1
56,23,1
56,323,1
30,28,1
30,1,1
122,36,1
122,52,1
122,256,1
122,265,1
122,584,1
122,123,1
122,300,1
122,726,1
122,403,1
122,85,1
122,242,1
122,727,1
122,379,1
122,515,1
122,198,1
122,294,1
122,216,1
122,127,1
122,376,1
122,79,1
122,231,1
122,9,1
122,307,1
122,14,1
122,64,1
122,599,1
122,43,1
122,50,1
122,33,1
122,220,1
122,41,1
122,648,1
122,6,1
122,14,1
122,43,1
6,212,1
6,41,1
3,50,1
4,347,1
4,36,1
4,476,1
3,347,1
3,36,1
3,391,1
3,476,1
3,64,1
4,391,1
4,172,1
4,220,1
4,728,1
4,194,1
4,273,1
4,729,1
4,20,1
4,47,1
22,33,1
22,79,1
22,9,1
22,133,1
22,730,1
22,194,1
22,36,1
22,51,1
22,197,1
22,520,1
22,228,1
144,36,1
144,731,1
144,719,1
144,138,1
144,73,1
144,19,1
144,39,1
144,732,1
5,33,1
5,1,1
5,212,1
145,33,1
145,6,1
145,1,1
145,212,1
145,41,1
130,36,1
130,43,1
130,59,1
130,131,1
130,733,1
130,306,1
130,435,1
130,450,1
130,216,1
130,131,1
130,217,1
130,352,1
128,217,1
128,131,1
128,194,1
128,216,1
146,309,1
146,369,1
146,734,1
146,310,1
146,735,1
146,328,1
146,5,1
146,110,1
14,6,1
14,736,1
14,38,1
14,22,1
14,737,1
14,50,1
14,8,1
14,14,1
14,718,1
14,20,1
14,478,1
14,21,1
14,22,1
14,33,1
14,736,1
14,6,1
14,8,1
14,194,1
5,292,1
5,204,1
5,517,1
5,129,1
5,2,1
5,403,1
5,286,1
5,727,1
5,51,1
5,204,1
5,36,1
5,127,1
5,58,1
5,76,1
5,226,1
5,227,1
5,129,1
5,61,1
5,35,1
78,303,1
78,9,1
78,61,1
78,52,1
78,386,1
78,385,1
78,64,1
78,14,1
78,490,1
147,24,1
147,479,1
147,261,1
147,331,1
147,332,1
147,18,1
3,426,1
4,426,1
52,364,1
52,309,1
52,738,1
52,364,1
52,296,1
52,43,1
52,739,1
52,35,1
52,80,1
52,363,1
52,364,1
52,738,1
52,426,1
52,296,1
52,386,1
52,431,1
52,43,1
148,363,1
148,364,1
148,738,1
148,386,1
148,43,1
52,738,1
52,426,1
52,427,1
52,43,1
52,424,1
52,225,1
52,386,1
52,739,1
52,740,1
52,363,1
52,364,1
52,426,1
52,54,1
52,547,1
149,1,1
150,741,1
150,435,1
150,27,1
150,587,1
150,425,1
150,742,1
150,43,1
150,439,1
150,386,1
150,426,1
150,79,1
150,743,1
150,427,1
150,23,1
150,744,1
150,738,1
150,364,1
150,309,1
151,488,1
151,363,1
151,364,1
151,309,1
151,35,1
151,745,1
151,426,1
151,439,1
52,363,1
52,746,1
52,536,1
52,205,1
52,248,1
52,747,1
52,486,1
52,27,1
152,748,1
152,366,1
152,270,1
152,79,1
152,76,1
152,228,1
152,85,1
152,424,1
152,77,1
152,435,1
152,78,1
152,43,1
152,431,1
152,163,1
153,364,1
21,1,1
21,749,1
21,51,1
21,300,1
21,303,1
21,287,1
21,292,1
21,297,1
21,2,1
21,347,1
21,195,1
21,727,1
21,487,1
21,750,1
21,751,1
21,637,1
21,113,1
21,352,1
21,382,1
21,668,1
41,439,1
41,752,1
41,22,1
41,753,1
41,754,1
41,364,1
41,11,1
41,755,1
41,266,1
41,57,1
41,6,1
41,756,1
41,50,1
41,121,1
41,412,1
41,127,1
41,389,1
66,363,1
66,427,1
66,426,1
66,427,1
66,426,1
37,522,1
37,100,1
37,386,1
37,211,1
37,89,1
37,211,1
37,100,1
37,67,1
37,757,1
37,522,1
37,89,1
37,80,1
37,364,1
37,364,1
148,758,1
148,758,1
148,738,1
148,738,1
154,225,1
154,431,1
155,364,1
155,423,1
155,296,1
155,61,1
155,41,1
155,309,1
70,192,1
70,759,1
70,760,1
70,761,1
70,762,1
70,763,1
70,382,1
70,1,1
70,515,1
70,764,1
70,765,1
70,550,1
70,766,1
156,41,1
156,33,1
156,1,1
21,767,1
21,768,1
21,202,1
21,232,1
21,769,1
21,233,1
21,770,1
21,771,1
157,769,1
157,634,1
21,66,1
21,772,1
21,123,1
21,639,1
21,587,1
157,772,1
157,123,1
157,81,1
157,598,1
157,386,1
157,773,1
157,424,1
157,543,1
157,242,1
157,43,1
157,774,1
16,226,1
16,77,1
16,575,1
16,596,1
16,227,1
16,61,1
16,43,1
4,199,1
4,775,1
4,545,1
4,355,1
4,212,1
4,202,1
4,213,1
4,432,1
3,73,1
3,64,1
3,64,1
4,8,1
4,6,1
4,776,1
4,48,1
4,50,1
4,20,1
4,281,1
158,777,1
158,42,1
158,357,1
158,303,1
158,1,1
158,424,1
158,77,1
158,518,1
158,431,1
158,101,1
158,14,1
158,131,1
159,64,1
159,217,1
159,170,1
160,518,1
160,292,1
160,228,1
160,43,1
10,194,1
10,216,1
10,63,1
10,304,1
10,778,1
10,14,1
10,389,1
10,598,1
10,64,1
10,36,1
10,83,1
10,303,1
10,61,1
10,424,1
10,1,1
10,43,1
10,236,1
10,202,1
10,355,1
10,59,1
161,201,1
161,200,1
161,384,1
161,346,1
162,200,1
162,384,1
3,61,1
3,41,1
3,127,1
3,14,1
3,64,1
3,131,1
4,127,1
4,73,1
4,36,1
4,41,1
4,194,1
163,384,1
163,639,1
163,324,1
163,200,1
140,131,1
140,60,1
6,6,1
6,143,1
6,138,1
6,165,1
6,8,1
6,779,1
6,271,1
6,571,1
6,56,1
6,555,1
6,131,1
6,560,1
6,776,1
6,734,1
6,780,1
6,168,1
6,398,1
6,322,1
6,447,1
6,20,1
6,55,1
6,781,1
6,377,1
6,360,1
6,310,1
6,412,1
6,27,1
125,223,1
8,206,1
8,327,1
8,333,1
8,334,1
8,782,1
8,336,1
164,392,1
164,169,1
54,1,1
54,50,1
17,214,1
165,14,1
165,79,1
165,52,1
165,41,1
165,198,1
120,734,1
120,216,1
120,595,1
120,304,1
120,778,1
120,53,1
120,166,1
120,128,1
120,79,1
120,131,1
120,198,1
120,520,1
120,575,1
120,783,1
120,54,1
120,197,1
120,196,1
120,292,1
120,73,1
120,163,1
30,88,1
30,93,1
30,296,1
30,625,1
166,9,1
166,216,1
166,163,1
166,61,1
166,44,1
109,131,1
109,76,1
109,216,1
109,35,1
109,63,1
109,194,1
109,14,1
3,62,1
3,20,1
3,9,1
3,784,1
3,390,1
3,41,1
3,596,1
3,295,1
3,292,1
3,64,1
3,127,1
3,43,1
3,14,1
3,635,1
3,294,1
3,51,1
3,75,1
3,170,1
3,129,1
3,97,1
3,353,1
3,217,1
3,197,1
3,302,1
3,204,1
3,726,1
3,380,1
3,785,1
3,300,1
3,520,1
3,522,1
3,304,1
3,2,1
3,203,1
3,59,1
3,786,1
3,251,1
3,41,1
3,787,1
4,194,1
4,35,1
4,33,1
4,67,1
4,1,1
4,20,1
4,493,1
4,43,1
4,127,1
4,294,1
4,635,1
4,51,1
4,129,1
4,97,1
4,353,1
4,75,1
4,197,1
4,217,1
4,302,1
4,204,1
4,726,1
4,785,1
4,520,1
4,2,1
4,522,1
4,352,1
4,244,1
4,241,1
4,203,1
4,126,1
4,788,1
4,786,1
4,251,1
4,789,1
4,41,1
4,787,1
4,64,1
4,194,1
4,33,1
4,14,1
4,67,1
4,635,1
4,63,1
4,727,1
4,59,1
4,386,1
4,626,1
4,304,1
4,131,1
4,493,1
3,62,1
3,20,1
3,9,1
3,784,1
3,78,1
3,622,1
3,790,1
3,292,1
3,791,1
101,525,1
1,215,1
1,159,1
1,33,1
1,1,1
1,424,1
1,773,1
8,1,1
8,28,1
153,363,1
153,309,1
167,363,1
167,426,1
167,427,1
167,309,1
167,364,1
130,51,1
130,304,1
130,36,1
130,194,1
130,127,1
130,216,1
130,64,1
130,1,1
130,52,1
130,14,1
130,131,1
130,127,1
130,131,1
130,6,1
61,35,1
61,1,1
61,61,1
61,41,1
61,783,1
61,76,1
61,626,1
61,304,1
61,472,1
61,270,1
61,6,1
61,193,1
61,520,1
61,198,1
61,170,1
61,727,1
61,792,1
61,793,1
61,349,1
61,660,1
168,220,1
162,95,1
162,229,1
162,493,1
162,292,1
162,100,1
162,794,1
162,99,1
162,224,1
162,387,1
162,61,1
162,228,1
162,227,1
162,303,1
162,230,1
162,76,1
162,305,1
162,575,1
162,795,1
162,390,1
162,35,1
162,660,1
162,226,1
162,43,1
162,790,1
162,796,1
169,82,1
169,42,1
169,294,1
169,292,1
169,287,1
169,163,1
169,797,1
169,520,1
169,2,1
169,41,1
169,269,1
169,243,1
169,61,1
169,92,1
169,304,1
169,63,1
169,14,1
169,798,1
169,194,1
169,131,1
169,217,1
169,64,1
169,79,1
169,773,1
169,9,1
169,36,1
169,43,1
169,52,1
169,129,1
169,300,1
169,76,1
170,1,1
170,33,1
170,61,1
170,224,1
170,226,1
170,41,1
170,91,1
170,296,1
170,520,1
170,129,1
170,2,1
170,217,1
170,52,1
170,131,1
13,36,1
13,64,1
171,76,1
171,224,1
171,305,1
171,134,1
171,403,1
171,596,1
171,90,1
171,202,1
171,576,1
171,54,1
171,78,1
171,221,1
171,77,1
171,241,1
171,302,1
171,388,1
171,226,1
171,229,1
171,697,1
171,548,1
171,470,1
171,61,1
171,224,1
171,88,1
171,43,1
171,76,1
171,93,1
171,262,1
171,159,1
171,575,1
171,461,1
171,79,1
171,403,1
171,241,1
171,77,1
171,78,1
171,296,1
172,347,1
172,391,1
172,58,1
172,388,1
173,220,1
173,234,1
173,202,1
173,515,1
5,79,1
172,6,1
5,234,1
5,215,1
5,202,1
5,159,1
5,515,1
4,179,1
4,220,1
4,79,1
4,14,1
3,168,1
3,6,1
3,220,1
174,182,1
174,799,1
174,127,1
174,34,1
174,36,1
174,24,1
174,283,1
174,18,1
174,229,1
174,343,1
174,800,1
128,542,1
130,542,1
128,744,1
128,744,1
128,721,1
130,721,1
8,721,1
128,39,1
128,22,1
128,350,1
130,39,1
130,22,1
130,350,1
8,39,1
8,22,1
8,350,1
175,578,1
175,801,1
175,802,1
175,803,1
175,804,1
175,805,1
175,806,1
175,807,1
175,127,1
175,2,1
175,808,1
175,809,1
175,810,1
175,97,1
175,811,1
175,812,1
175,813,1
175,814,1
175,494,1
87,815,1
87,135,1
87,816,1
87,817,1
87,571,1
87,565,1
87,566,1
87,818,1
87,819,1
87,556,1
87,780,1
24,820,1
176,14,1
176,6,1
176,44,1
176,36,1
58,62,1
177,39,1
177,821,1
177,476,1
150,227,1
150,822,1
150,298,1
150,305,1
150,93,1
150,823,1
150,61,1
150,35,1
150,424,1
150,208,1
129,36,1
129,295,1
129,82,1
129,673,1
129,43,1
129,92,1
129,493,1
129,197,1
129,51,1
129,52,1
129,64,1
129,300,1
129,391,1
129,292,1
129,243,1
129,824,1
129,283,1
129,294,1
129,229,1
129,825,1
129,286,1
46,134,1
46,196,1
46,36,1
46,211,1
46,62,1
46,204,1
46,52,1
46,51,1
46,347,1
46,131,1
16,127,1
16,76,1
16,296,1
16,305,1
16,202,1
16,294,1
16,305,1
16,54,1
16,36,1
16,76,1
16,212,1
16,821,1
16,33,1
16,203,1
16,281,1
16,212,1
16,6,1
16,44,1
16,219,1
8,124,1
8,76,1
8,62,1
8,294,1
8,33,1
8,64,1
8,202,1
16,76,1
16,64,1
16,36,1
16,202,1
16,192,1
16,790,1
16,76,1
16,366,1
16,228,1
16,77,1
16,270,1
16,61,1
178,638,1
178,757,1
178,67,1
178,1,1
178,9,1
178,597,1
178,227,1
178,97,1
178,61,1
178,43,1
143,575,1
143,1,1
143,61,1
143,35,1
143,66,1
143,62,1
143,226,1
143,526,1
143,826,1
143,67,1
143,827,1
143,520,1
143,347,1
143,391,1
143,773,1
143,828,1
143,204,1
143,786,1
143,130,1
143,829,1
179,121,1
179,537,1
179,534,1
11,41,1
11,592,1
11,61,1
11,1,1
11,131,1
11,412,1
11,43,1
11,196,1
11,79,1
11,595,1
11,64,1
11,131,1
11,63,1
11,14,1
11,194,1
11,60,1
11,138,1
11,167,1
11,75,1
11,10,1
16,36,1
16,14,1
16,51,1
16,58,1
16,198,1
16,305,1
16,62,1
16,41,1
16,61,1
16,78,1
4,298,1
4,546,1
4,227,1
4,43,1
4,58,1
4,227,1
4,225,1
4,520,1
4,2,1
4,204,1
58,306,1
87,324,1
180,389,1
180,64,1
180,53,1
180,43,1
180,51,1
180,62,1
181,124,1
181,226,1
181,294,1
181,41,1
181,243,1
181,1,1
143,310,1
182,357,1
182,294,1
182,194,1
182,127,1
182,14,1
182,170,1
183,227,1
183,303,1
183,294,1
183,1,1
184,227,1
184,303,1
184,294,1
184,1,1
16,220,1
16,228,1
16,77,1
16,78,1
16,230,1
16,76,1
16,77,1
16,228,1
16,225,1
16,36,1
16,194,1
16,6,1
16,163,1
16,736,1
16,143,1
185,33,1
185,64,1
185,22,1
170,324,1
170,830,1
170,547,1
170,697,1
170,831,1
170,708,1
170,355,1
170,832,1
170,268,1
170,306,1
170,195,1
170,473,1
170,833,1
170,834,1
170,835,1
170,462,1
170,43,1
170,283,1
170,292,1
186,347,1
186,424,1
186,355,1
186,62,1
186,473,1
48,43,1
48,35,1
48,303,1
48,88,1
48,242,1
48,1,1
48,85,1
48,65,1
48,42,1
48,467,1
48,270,1
48,225,1
48,502,1
48,91,1
48,123,1
48,836,1
48,83,1
48,302,1
48,772,1
48,707,1
48,386,1
48,673,1
48,286,1
48,66,1
48,81,1
48,424,1
48,216,1
48,194,1
48,598,1
48,727,1
48,520,1
48,347,1
48,127,1
48,304,1
48,196,1
48,33,1
48,51,1
48,198,1
48,635,1
54,230,1
54,228,1
54,224,1
54,837,1
54,838,1
54,134,1
54,403,1
54,839,1
54,250,1
181,43,1
181,840,1
181,841,1
181,842,1
181,296,1
181,843,1
181,804,1
181,844,1
181,793,1
181,845,1
181,846,1
181,518,1
181,33,1
181,388,1
172,347,1
172,391,1
172,58,1
172,388,1
54,63,1
54,847,1
54,545,1
54,224,1
54,234,1
54,212,1
54,549,1
187,33,1
187,35,1
187,20,1
187,61,1
187,36,1
54,226,1
54,228,1
54,43,1
54,35,1
14,387,1
14,225,1
14,134,1
14,229,1
14,224,1
14,93,1
14,241,1
14,305,1
14,79,1
14,795,1
14,202,1
14,230,1
14,575,1
14,228,1
14,596,1
14,270,1
14,796,1
14,35,1
14,283,1
14,848,1
14,43,1
14,849,1
14,54,1
14,192,1
14,76,1
14,96,1
14,388,1
14,88,1
14,61,1
14,92,1
14,294,1
14,212,1
14,90,1
54,95,1
54,61,1
54,226,1
54,442,1
54,229,1
54,92,1
8,408,1
8,281,1
8,525,1
8,365,1
8,850,1
8,851,1
8,852,1
8,482,1
8,547,1
8,270,1
8,96,1
8,413,1
8,225,1
8,853,1
8,387,1
8,854,1
8,26,1
8,855,1
8,631,1
8,394,1
8,224,1
8,76,1
8,655,1
8,338,1
8,61,1
8,55,1
188,856,1
188,857,1
188,858,1
33,20,1
14,95,1
14,534,1
14,535,1
14,627,1
14,859,1
14,231,1
14,530,1
14,346,1
14,124,1
14,26,1
14,32,1
95,33,1
95,860,1
95,521,1
95,170,1
95,229,1
95,43,1
95,65,1
95,433,1
95,308,1
95,123,1
95,727,1
95,473,1
95,79,1
95,216,1
95,81,1
95,230,1
95,1,1
95,424,1
95,131,1
95,193,1
95,61,1
95,133,1
95,790,1
95,226,1
95,303,1
95,163,1
95,52,1
95,300,1
95,305,1
95,304,1
95,391,1
95,772,1
95,127,1
95,64,1
95,598,1
95,635,1
95,195,1
95,620,1
95,197,1
95,14,1
95,35,1
95,520,1
95,502,1
95,2,1
95,42,1
95,73,1
95,673,1
95,66,1
124,796,1
124,229,1
124,77,1
124,61,1
124,134,1
124,226,1
124,96,1
124,861,1
124,494,1
124,262,1
124,93,1
124,305,1
124,91,1
124,78,1
124,336,1
124,327,1
37,862,1
37,863,1
37,864,1
37,865,1
37,866,1
37,867,1
37,868,1
37,869,1
13,44,1
13,41,1
13,36,1
13,870,1
189,702,1
189,220,1
39,224,1
39,226,1
39,226,1
39,403,1
4,61,1
16,871,1
16,281,1
16,23,1
16,525,1
16,228,1
16,43,1
16,54,1
16,202,1
16,6,1
16,36,1
16,352,1
16,138,1
16,76,1
16,872,1
16,873,1
190,54,1
190,202,1
190,36,1
190,324,1
190,355,1
190,773,1
190,2,1
190,90,1
190,281,1
190,410,1
190,333,1
190,322,1
190,24,1
190,447,1
190,405,1
190,334,1
190,479,1
190,321,1
190,485,1
190,874,1
190,365,1
190,701,1
190,725,1
190,659,1
190,875,1
190,453,1
190,336,1
190,407,1
190,334,1
190,225,1
190,583,1
190,876,1
190,55,1
190,330,1
173,212,1
141,64,1
141,36,1
141,43,1
141,592,1
141,194,1
141,14,1
141,136,1
141,877,1
141,216,1
141,778,1
141,734,1
39,41,1
39,9,1
39,226,1
39,378,1
39,878,1
39,879,1
39,880,1
39,377,1
39,322,1
39,18,1
39,881,1
39,6,1
39,367,1
39,20,1
109,41,1
109,9,1
109,226,1
109,92,1
109,626,1
109,62,1
109,229,1
109,197,1
109,378,1
109,310,1
109,878,1
109,879,1
109,880,1
109,377,1
109,322,1
109,18,1
109,6,1
109,367,1
109,20,1
4,197,1
4,14,1
4,6,1
4,367,1
4,20,1
4,44,1
4,646,1
4,882,1
109,292,1
109,1,1
109,229,1
109,35,1
109,218,1
109,224,1
109,287,1
109,63,1
109,217,1
109,14,1
109,131,1
109,170,1
146,1,1
146,883,1
146,884,1
146,885,1
146,299,1
146,886,1
146,887,1
146,888,1
146,889,1
146,809,1
125,214,1
125,212,1
125,131,1
125,14,1
125,9,1
17,127,1
17,380,1
17,2,1
17,253,1
17,302,1
17,368,1
17,75,1
17,304,1
17,352,1
17,522,1
17,52,1
17,194,1
17,273,1
17,223,1
17,204,1
17,27,1
17,228,1
17,890,1
17,866,1
13,891,1
13,869,1
13,892,1
13,869,1
13,891,1
3,866,1
3,867,1
3,893,1
3,894,1
3,895,1
3,890,1
3,896,1
3,890,1
3,897,1
3,895,1
3,866,1
3,212,1
3,41,1
3,898,1
3,226,1
3,578,1
3,287,1
3,294,1
3,349,1
3,159,1
3,302,1
3,522,1
3,208,1
3,131,1
3,231,1
3,223,1
3,204,1
3,197,1
3,899,1
3,300,1
3,793,1
3,667,1
3,216,1
3,352,1
3,14,1
3,217,1
3,127,1
3,354,1
3,303,1
3,36,1
3,52,1
3,194,1
3,64,1
3,54,1
3,900,1
3,901,1
3,891,1
3,902,1
3,903,1
3,904,1
3,905,1
3,906,1
3,907,1
3,908,1
3,906,1
3,909,1
3,910,1
154,636,1
154,743,1
154,89,1
6,222,1
6,355,1
6,911,1
6,356,1
6,434,1
6,912,1
6,516,1
6,233,1
6,913,1
6,914,1
6,915,1
6,916,1
6,917,1
6,769,1
6,918,1
6,919,1
6,920,1
6,921,1
6,904,1
6,922,1
6,923,1
6,65,1
6,924,1
6,925,1
6,352,1
6,202,1
6,926,1
6,54,1
162,927,1
162,928,1
162,929,1
13,930,1
13,891,1
13,892,1
13,869,1
24,931,1
24,932,1
24,933,1
77,27,1
18,33,1
18,1,1
191,515,1
191,355,1
191,668,1
191,382,1
191,516,1
191,64,1
191,592,1
191,79,1
43,55,1
43,575,1
43,225,1
43,88,1
43,270,1
43,821,1
43,641,1
43,479,1
43,725,1
43,54,1
43,250,1
43,324,1
43,875,1
43,365,1
43,35,1
43,934,1
110,35,1
110,76,1
110,43,1
110,305,1
110,134,1
110,9,1
110,226,1
110,212,1
110,61,1
110,866,1
192,50,1
193,32,1
193,121,1
193,410,1
193,640,1
193,935,1
193,534,1
193,334,1
193,936,1
193,394,1
193,878,1
193,937,1
193,938,1
193,939,1
193,293,1
193,281,1
193,327,1
193,360,1
193,940,1
193,321,1
193,24,1
193,333,1
193,412,1
193,322,1
193,378,1
193,941,1
193,942,1
193,402,1
193,328,1
193,398,1
193,782,1
193,943,1
193,394,1
193,944,1
193,5,1
193,23,1
193,453,1
193,655,1
193,419,1
193,480,1
193,945,1
193,337,1
30,390,1
30,387,1
30,946,1
30,226,1
30,89,1
30,100,1
30,96,1
30,227,1
30,305,1
30,61,1
30,494,1
30,241,1
30,790,1
30,575,1
30,296,1
30,796,1
30,424,1
30,88,1
30,35,1
30,43,1
30,794,1
35,50,1
35,43,1
110,525,1
110,398,1
110,328,1
110,410,1
110,394,1
110,947,1
110,360,1
110,402,1
110,337,1
110,24,1
110,32,1
110,287,1
110,402,1
110,334,1
110,948,1
110,949,1
110,950,1
110,451,1
110,24,1
110,951,1
110,950,1
110,26,1
110,322,1
110,378,1
110,398,1
110,659,1
110,952,1
110,874,1
110,450,1
110,725,1
110,360,1
110,377,1
110,32,1
110,327,1
110,334,1
110,328,1
136,793,1
136,230,1
136,837,1
136,238,1
136,131,1
136,64,1
136,54,1
136,821,1
194,43,1
194,26,1
194,534,1
194,121,1
194,537,1
194,953,1
194,627,1
194,535,1
195,62,1
195,294,1
195,79,1
195,134,1
195,124,1
195,43,1
195,192,1
195,202,1
195,54,1
196,866,1
196,866,1
196,378,1
196,575,1
196,937,1
196,225,1
196,281,1
196,954,1
196,878,1
196,655,1
196,410,1
196,270,1
196,225,1
196,378,1
78,780,1
78,216,1
78,556,1
78,74,1
78,702,1
78,35,1
78,955,1
78,956,1
78,303,1
78,957,1
78,151,1
78,8,1
110,61,1
110,228,1
110,224,1
110,78,1
110,1,1
110,305,1
110,43,1
110,227,1
110,225,1
110,96,1
110,390,1
110,403,1
110,250,1
110,958,1
197,423,1
197,1,1
197,959,1
197,960,1
197,961,1
197,962,1
197,963,1
197,964,1
197,426,1
197,309,1
197,965,1
197,27,1
197,92,1
197,364,1
21,790,1
21,299,1
21,63,1
21,366,1
21,86,1
21,61,1
21,824,1
21,521,1
21,226,1
21,14,1
21,134,1
21,194,1
21,284,1
21,712,1
21,64,1
21,514,1
21,286,1
21,295,1
21,113,1
21,203,1
21,33,1
21,622,1
21,79,1
21,2,1
21,423,1
21,218,1
21,522,1
21,128,1
21,442,1
21,51,1
21,520,1
21,966,1
21,967,1
21,968,1
21,969,1
21,970,1
21,971,1
21,972,1
21,973,1
21,974,1
54,6,1
54,15,1
54,10,1
54,4,1
54,194,1
124,942,1
124,434,1
124,91,1
124,326,1
124,853,1
124,405,1
124,335,1
124,878,1
124,328,1
124,709,1
124,401,1
124,640,1
124,35,1
124,55,1
124,975,1
124,976,1
124,662,1
124,344,1
124,331,1
124,334,1
124,336,1
124,629,1
124,323,1
124,977,1
7,227,1
7,942,1
7,976,1
7,975,1
7,405,1
7,547,1
7,333,1
6,1,1
6,226,1
6,303,1
6,43,1
6,52,1
6,197,1
6,35,1
6,41,1
6,294,1
6,61,1
6,36,1
6,296,1
6,79,1
6,131,1
6,126,1
6,66,1
6,203,1
192,197,1
192,41,1
192,61,1
192,228,1
192,520,1
192,66,1
192,33,1
192,79,1
192,170,1
192,730,1
45,35,1
45,61,1
139,58,1
139,35,1
139,76,1
139,476,1
139,391,1
45,476,1
45,391,1
43,520,1
43,52,1
43,300,1
43,76,1
43,9,1
43,978,1
43,979,1
43,123,1
43,58,1
43,51,1
43,53,1
43,127,1
43,21,1
43,374,1
43,314,1
43,980,1
43,981,1
43,736,1
43,752,1
43,702,1
43,193,1
43,555,1
198,292,1
198,62,1
198,431,1
198,61,1
198,1,1
198,423,1
199,982,1
200,64,1
200,36,1
200,63,1
200,131,1
200,43,1
200,61,1
110,27,1
1,55,1
1,6,1
1,379,1
1,126,1
1,43,1
1,727,1
1,14,1
1,386,1
1,127,1
1,304,1
1,133,1
1,66,1
1,36,1
1,61,1
1,128,1
1,129,1
44,218,1
44,983,1
44,711,1
44,971,1
44,984,1
44,226,1
44,227,1
44,588,1
44,230,1
44,985,1
146,623,1
146,424,1
146,9,1
146,303,1
146,203,1
146,736,1
146,220,1
146,127,1
146,559,1
146,986,1
201,450,1
201,346,1
30,581,1
30,942,1
30,709,1
30,206,1
30,225,1
30,548,1
30,395,1
30,24,1
30,226,1
30,575,1
4,987,1
4,988,1
4,989,1
3,990,1
3,991,1
107,1,1
107,80,1
202,1,1
202,83,1
44,60,1
44,138,1
44,257,1
44,151,1
87,60,1
87,138,1
87,257,1
87,151,1
44,134,1
203,364,1
203,992,1
146,306,1
146,226,1
146,163,1
146,9,1
55,24,1
55,377,1
55,227,1
55,305,1
55,226,1
55,224,1
55,61,1
55,134,1
55,230,1
55,225,1
55,796,1
55,76,1
55,712,1
55,693,1
55,588,1
55,36,1
55,286,1
55,993,1
55,287,1
55,295,1
55,475,1
55,294,1
55,994,1
55,292,1
26,32,1
26,327,1
26,121,1
26,735,1
26,560,1
26,566,1
26,60,1
26,705,1
26,40,1
26,5,1
26,995,1
149,339,1
149,340,1
26,36,1
26,43,1
26,131,1
26,194,1
26,35,1
26,61,1
26,63,1
26,14,1
26,304,1
26,64,1
26,33,1
26,163,1
26,42,1
204,63,1
204,14,1
204,304,1
204,64,1
204,43,1
86,216,1
86,127,1
86,20,1
86,986,1
86,39,1
86,14,1
55,303,1
55,769,1
55,996,1
55,213,1
55,634,1
55,559,1
16,281,1
16,525,1
16,871,1
16,49,1
16,220,1
16,8,1
16,149,1
16,165,1
16,131,1
16,398,1
16,149,1
16,165,1
16,398,1
16,49,1
16,220,1
16,525,1
16,281,1
8,136,1
8,49,1
8,677,1
8,64,1
149,61,1
149,224,1
149,35,1
149,227,1
149,43,1
37,76,1
37,639,1
37,270,1
37,43,1
37,35,1
140,9,1
140,50,1
205,131,1
205,53,1
205,592,1
205,193,1
48,52,1
69,53,1
69,592,1
69,193,1
80,33,1
206,592,1
207,33,1
207,36,1
207,52,1
207,352,1
207,661,1
207,127,1
207,212,1
207,41,1
207,61,1
207,194,1
207,131,1
34,227,1
34,43,1
34,225,1
167,997,1
167,998,1
167,999,1
167,1000,1
167,506,1
167,426,1
167,428,1
167,79,1
167,424,1
167,427,1
167,440,1
114,866,1
114,1001,1
114,1002,1
114,1003,1
114,1004,1
114,1005,1
114,1006,1
114,1007,1
114,1008,1
114,1009,1
114,1010,1
114,1011,1
114,1012,1
114,820,1
114,1013,1
114,1014,1
208,639,1
208,213,1
208,223,1
208,1015,1
208,1016,1
208,65,1
208,769,1
208,231,1
208,36,1
208,2,1
55,1017,1
55,588,1
55,491,1
55,1018,1
55,1019,1
55,377,1
55,55,1
55,18,1
55,684,1
209,552,1
209,296,1
209,197,1
209,1020,1
209,138,1
209,224,1
209,424,1
209,133,1
209,225,1
209,55,1
209,220,1
209,305,1
209,61,1
171,163,1
171,129,1
171,204,1
171,61,1
171,35,1
171,62,1
171,545,1
171,134,1
171,77,1
171,366,1
171,435,1
34,36,1
34,43,1
34,50,1
34,157,1
34,6,1
34,50,1
34,168,1
34,60,1
34,60,1
34,50,1
13,100,1
13,207,1
13,1021,1
13,294,1
13,613,1
13,1022,1
13,287,1
13,283,1
13,1023,1
13,232,1
13,1024,1
13,448,1
13,1025,1
13,1026,1
13,1027,1
13,78,1
13,588,1
13,759,1
13,859,1
13,1028,1
13,1029,1
13,442,1
13,284,1
30,61,1
30,35,1
30,447,1
30,412,1
30,398,1
30,377,1
30,322,1
30,447,1
30,377,1
30,322,1
30,28,1
34,227,1
34,292,1
210,43,1
210,33,1
210,61,1
210,292,1
210,288,1
210,1030,1
210,287,1
149,331,1
149,331,1
149,76,1
149,43,1
149,88,1
149,241,1
149,96,1
98,324,1
98,384,1
98,200,1
98,488,1
124,334,1
124,192,1
124,281,1
124,336,1
124,344,1
124,322,1
124,655,1
124,709,1
124,321,1
55,334,1
124,334,1
26,383,1
26,1031,1
26,51,1
26,1,1
26,92,1
15,494,1
15,61,1
15,408,1
15,231,1
15,228,1
15,629,1
15,377,1
15,225,1
15,230,1
15,938,1
81,1032,1
81,1033,1
81,1034,1
81,1035,1
3,6,1
16,6,1
2,124,1
2,182,1
81,346,1
81,450,1
81,891,1
81,869,1
26,719,1
26,60,1
211,36,1
211,300,1
211,475,1
211,52,1
211,42,1
211,35,1
211,250,1
211,131,1
211,798,1
211,490,1
211,1036,1
211,287,1
211,1017,1
211,726,1
211,268,1
211,216,1
30,61,1
30,43,1
30,221,1
30,794,1
30,294,1
30,292,1
30,134,1
30,227,1
30,96,1
30,470,1
30,76,1
212,43,1
212,64,1
212,304,1
212,194,1
212,63,1
212,163,1
212,62,1
212,41,1
212,1,1
212,61,1
212,131,1
212,127,1
212,14,1
212,35,1
26,391,1
26,319,1
26,32,1
26,347,1
208,576,1
208,443,1
208,727,1
208,300,1
208,77,1
208,1,1
208,6,1
208,58,1
208,9,1
208,61,1
208,198,1
208,62,1
208,520,1
208,2,1
208,163,1
208,292,1
41,43,1
41,63,1
41,14,1
41,127,1
41,62,1
41,170,1
41,61,1
41,324,1
41,200,1
41,201,1
213,232,1
213,898,1
213,911,1
213,1037,1
213,1038,1
213,1039,1
213,35,1
213,43,1
213,821,1
18,127,1
18,79,1
98,43,1
98,202,1
98,773,1
98,52,1
98,996,1
98,424,1
98,67,1
98,386,1
214,226,1
214,224,1
214,294,1
55,9,1
55,1040,1
55,270,1
149,61,1
149,35,1
149,43,1
149,305,1
149,92,1
149,76,1
149,134,1
149,230,1
149,225,1
149,390,1
149,227,1
149,91,1
215,33,1
215,1,1
215,159,1
215,212,1
215,352,1
215,58,1
215,51,1
215,52,1
215,64,1
215,231,1
215,43,1
215,226,1
215,623,1
192,201,1
192,386,1
192,170,1
192,129,1
192,635,1
192,216,1
192,52,1
192,128,1
192,300,1
192,9,1
192,727,1
192,63,1
192,751,1
192,65,1
192,305,1
192,84,1
192,228,1
192,1041,1
192,727,1
192,304,1
192,294,1
192,347,1
192,51,1
192,131,1
192,520,1
192,127,1
192,66,1
192,65,1
192,433,1
192,193,1
192,1,1
192,303,1
192,424,1
192,91,1
192,224,1
192,58,1
192,226,1
192,197,1
192,241,1
192,626,1
192,41,1
192,123,1
3,6,1
3,384,1
3,200,1
44,843,1
44,33,1
44,1042,1
44,296,1
44,1,1
44,77,1
44,355,1
44,308,1
44,79,1
44,575,1
44,387,1
44,99,1
44,230,1
44,41,1
44,202,1
44,796,1
44,227,1
44,226,1
124,334,1
124,344,1
124,336,1
216,36,1
216,64,1
216,196,1
216,63,1
216,43,1
216,14,1
216,197,1
5,64,1
5,216,1
26,413,1
26,21,1
26,39,1
217,100,1
122,36,1
122,73,1
122,52,1
122,20,1
122,136,1
122,826,1
122,598,1
122,595,1
122,1043,1
122,783,1
122,386,1
122,181,1
122,79,1
122,8,1
122,1044,1
122,63,1
122,53,1
122,569,1
122,127,1
122,14,1
122,131,1
122,877,1
122,727,1
122,170,1
122,734,1
122,591,1
95,33,1
149,281,1
149,1045,1
149,954,1
149,942,1
149,377,1
149,323,1
149,583,1
149,401,1
149,1046,1
149,91,1
149,88,1
149,169,1
149,332,1
149,1047,1
149,331,1
218,2,1
218,54,1
218,113,1
218,911,1
218,42,1
218,92,1
218,1048,1
218,53,1
218,43,1
218,223,1
218,100,1
44,61,1
44,35,1
44,93,1
44,334,1
44,355,1
44,199,1
44,208,1
44,946,1
44,408,1
44,336,1
44,852,1
44,342,1
44,334,1
44,479,1
219,33,1
54,33,1
218,44,1
34,1049,1
34,324,1
34,488,1
213,86,1
213,515,1
213,229,1
213,92,1
213,134,1
213,434,1
107,1,1
107,647,1
107,305,1
107,43,1
107,36,1
15,292,1
15,61,1
15,92,1
15,324,1
15,43,1
15,76,1
15,224,1
15,305,1
15,227,1
15,994,1
15,35,1
15,585,1
15,134,1
15,270,1
15,229,1
15,226,1
81,450,1
81,869,1
81,346,1
220,550,1
220,637,1
64,64,1
64,53,1
64,14,1
64,8,1
64,73,1
64,1,1
64,41,1
64,54,1
64,202,1
64,598,1
64,63,1
64,243,1
64,242,1
64,826,1
64,294,1
122,229,1
122,134,1
122,224,1
122,387,1
122,28,1
122,310,1
122,245,1
122,744,1
122,710,1
122,709,1
122,32,1
55,942,1
55,134,1
55,35,1
55,61,1
55,43,1
55,88,1
85,43,1
85,228,1
85,61,1
85,225,1
149,227,1
149,230,1
149,1,1
149,35,1
37,77,1
37,475,1
37,551,1
37,295,1
37,1050,1
149,1051,1
221,220,1
221,216,1
221,93,1
221,239,1
221,1052,1
221,258,1
221,65,1
221,22,1
221,9,1
221,79,1
221,216,1
221,6,1
221,303,1
221,63,1
221,424,1
221,752,1
221,14,1
221,131,1
221,163,1
26,212,1
26,33,1
26,866,1
149,305,1
149,227,1
149,228,1
149,35,1
149,76,1
149,92,1
58,36,1
58,52,1
58,821,1
58,54,1
58,202,1
58,76,1
58,634,1
58,270,1
146,159,1
146,215,1
146,199,1
146,223,1
146,54,1
146,202,1
146,212,1
26,43,1
26,36,1
26,65,1
26,196,1
213,51,1
213,632,1
2,730,1
2,170,1
2,52,1
2,626,1
2,1,1
2,226,1
2,283,1
2,284,1
2,194,1
2,216,1
2,712,1
2,294,1
213,76,1
213,296,1
213,1053,1
213,1054,1
17,51,1
17,379,1
17,131,1
17,64,1
17,52,1
17,287,1
17,288,1
17,1055,1
222,346,1
222,944,1
13,131,1
13,424,1
13,79,1
13,216,1
13,163,1
13,300,1
3,64,1
3,194,1
3,63,1
3,424,1
3,289,1
3,113,1
3,129,1
3,197,1
3,1056,1
3,62,1
3,303,1
3,92,1
3,41,1
3,133,1
3,435,1
3,123,1
3,519,1
3,520,1
3,324,1
81,617,1
81,869,1
81,92,1
213,43,1
213,243,1
213,61,1
213,229,1
213,526,1
213,124,1
213,92,1
213,212,1
213,618,1
213,324,1
149,329,1
149,281,1
149,331,1
149,92,1
34,659,1
34,346,1
34,745,1
34,155,1
34,32,1
34,28,1
34,27,1
223,33,1
223,62,1
223,41,1
223,61,1
223,635,1
223,131,1
223,197,1
223,14,1
223,216,1
8,194,1
8,1057,1
8,283,1
8,66,1
130,61,1
221,79,1
221,424,1
221,64,1
221,63,1
221,131,1
221,773,1
221,1058,1
221,1059,1
221,1060,1
221,1061,1
221,1062,1
221,1033,1
221,1035,1
66,1063,1
25,651,1
25,355,1
25,23,1
25,946,1
25,629,1
25,317,1
25,323,1
25,334,1
25,471,1
25,336,1
25,411,1
25,327,1
25,37,1
25,334,1
25,1064,1
25,344,1
25,977,1
25,336,1
25,629,1
25,323,1
25,1065,1
25,1066,1
25,1067,1
25,1068,1
25,1069,1
25,580,1
25,441,1
25,343,1
25,1070,1
25,655,1
25,942,1
25,640,1
25,1071,1
25,447,1
25,1072,1
25,31,1
25,1073,1
25,1074,1
25,30,1
25,206,1
25,1075,1
25,1076,1
25,55,1
25,1077,1
25,1078,1
171,36,1
171,52,1
171,163,1
171,63,1
171,124,1
171,520,1
171,243,1
171,522,1
171,217,1
181,537,1
181,534,1
181,43,1
34,350,1
8,18,1
8,138,1
224,33,1
224,363,1
224,292,1
225,217,1
225,202,1
225,91,1
225,212,1
225,270,1
225,390,1
225,9,1
226,234,1
226,390,1
226,1042,1
226,640,1
226,76,1
226,1079,1
226,35,1
227,20,1
227,168,1
64,61,1
64,545,1
64,258,1
64,202,1
64,59,1
64,1,1
64,370,1
64,168,1
64,736,1
64,196,1
64,41,1
64,36,1
228,41,1
228,1,1
228,370,1
228,76,1
228,258,1
228,377,1
228,202,1
228,36,1
228,59,1
228,545,1
228,196,1
228,216,1
228,194,1
201,668,1
201,546,1
201,1080,1
201,235,1
201,231,1
201,238,1
201,837,1
201,26,1
201,534,1
55,26,1
55,697,1
55,159,1
55,1080,1
55,837,1
55,668,1
55,546,1
55,235,1
229,198,1
229,591,1
229,197,1
229,270,1
229,65,1
229,220,1
229,1081,1
229,2,1
229,379,1
229,1082,1
229,1083,1
52,740,1
52,506,1
52,739,1
230,740,1
67,258,1
67,138,1
67,257,1
67,165,1
67,1084,1
67,64,1
231,226,1
231,43,1
232,487,1
232,296,1
232,128,1
232,216,1
232,1085,1
232,711,1
232,626,1
232,300,1
232,131,1
232,635,1
232,66,1
232,227,1
232,127,1
232,76,1
232,203,1
232,197,1
232,14,1
7,1,1
7,172,1
7,219,1
44,9,1
87,9,1
165,292,1
165,226,1
165,227,1
165,35,1
165,43,1
165,192,1
233,60,1
233,79,1
233,50,1
233,1086,1
233,20,1
233,138,1
233,1087,1
8,203,1
8,196,1
8,5,1
8,273,1
8,7,1
8,322,1
8,1088,1
8,193,1
8,128,1
8,1089,1
8,870,1
8,776,1
8,955,1
8,446,1
8,257,1
234,43,1
234,79,1
234,296,1
234,241,1
234,307,1
234,54,1
234,131,1
234,217,1
234,352,1
234,349,1
234,225,1
234,304,1
234,973,1
234,1090,1
234,14,1
234,243,1
16,1091,1
16,1092,1
16,1093,1
16,1094,1
16,1095,1
16,1096,1
16,1097,1
16,1098,1
16,1099,1
16,1035,1
235,61,1
235,796,1
235,124,1
235,796,1
235,124,1
236,18,1
236,131,1
236,563,1
236,566,1
236,734,1
236,149,1
236,1100,1
236,170,1
236,304,1
236,727,1
236,778,1
236,194,1
7,297,1
7,1101,1
7,609,1
7,1102,1
7,1103,1
7,749,1
7,1104,1
79,725,1
79,79,1
79,1105,1
79,250,1
79,365,1
79,398,1
79,378,1
237,196,1
237,202,1
237,79,1
237,193,1
237,81,1
237,33,1
87,377,1
87,27,1
87,270,1
87,33,1
87,6,1
87,14,1
87,721,1
87,424,1
87,76,1
55,557,1
8,229,1
8,306,1
8,1,1
8,229,1
8,1,1
8,1,1
124,1032,1
99,443,1
99,1057,1
99,124,1
99,520,1
99,194,1
99,727,1
99,1044,1
99,475,1
99,778,1
99,635,1
99,230,1
99,195,1
99,243,1
99,1106,1
99,1107,1
99,251,1
99,620,1
99,300,1
99,131,1
90,196,1
90,43,1
90,8,1
90,53,1
90,36,1
90,194,1
90,592,1
90,73,1
90,159,1
90,215,1
238,36,1
238,73,1
238,196,1
238,54,1
238,592,1
238,52,1
238,37,1
238,53,1
238,194,1
238,33,1
238,79,1
238,1108,1
238,1109,1
238,703,1
238,1110,1
238,308,1
38,349,1
38,67,1
38,1111,1
38,100,1
38,92,1
38,1035,1
38,1112,1
3,78,1
3,292,1
3,1113,1
3,1114,1
3,861,1
3,1,1
3,424,1
3,57,1
3,146,1
3,133,1
3,1115,1
3,131,1
3,398,1
3,190,1
3,734,1
3,773,1
3,1116,1
3,595,1
3,133,1
3,398,1
3,146,1
3,14,1
3,1,1
3,197,1
3,38,1
3,182,1
3,57,1
3,20,1
3,134,1
3,386,1
3,1117,1
3,61,1
3,1118,1
3,635,1
3,63,1
3,707,1
3,127,1
3,194,1
3,211,1
3,347,1
3,131,1
3,193,1
4,635,1
4,63,1
4,707,1
4,134,1
4,386,1
4,1117,1
4,61,1
4,33,1
4,554,1
4,228,1
2,134,1
2,386,1
2,1117,1
2,61,1
2,59,1
2,554,1
2,635,1
2,63,1
2,707,1
2,79,1
55,635,1
55,63,1
55,707,1
55,14,1
55,554,1
55,134,1
55,386,1
55,1117,1
55,61,1
55,228,1
55,224,1
53,197,1
53,514,1
53,623,1
53,131,1
53,622,1
53,585,1
53,83,1
53,216,1
53,14,1
137,134,1
137,225,1
137,548,1
137,227,1
137,241,1
137,305,1
137,510,1
137,54,1
137,229,1
137,43,1
137,91,1
137,790,1
192,83,1
192,35,1
192,53,1
192,43,1
192,379,1
192,202,1
192,73,1
192,41,1
192,575,1
192,64,1
192,595,1
74,534,1
74,121,1
171,196,1
171,424,1
171,379,1
171,294,1
171,1116,1
171,41,1
171,696,1
171,433,1
171,8,1
171,1119,1
171,61,1
171,778,1
171,666,1
171,1118,1
171,1120,1
171,877,1
171,202,1
171,730,1
171,223,1
171,595,1
171,149,1
171,1121,1
171,54,1
171,123,1
171,355,1
171,238,1
171,59,1
171,159,1
171,212,1
130,61,1
130,212,1
130,838,1
130,124,1
130,243,1
130,294,1
130,6,1
130,242,1
130,352,1
130,302,1
130,355,1
51,163,1
51,36,1
51,52,1
51,217,1
51,64,1
51,386,1
51,100,1
51,41,1
51,58,1
51,134,1
51,194,1
51,127,1
51,92,1
51,33,1
51,229,1
51,366,1
239,54,1
239,212,1
239,1,1
240,423,1
240,431,1
240,379,1
240,228,1
240,296,1
240,423,1
240,73,1
240,575,1
240,423,1
240,61,1
240,73,1
240,743,1
240,296,1
240,431,1
240,43,1
240,79,1
240,424,1
241,424,1
241,79,1
241,292,1
241,43,1
241,575,1
241,2,1
241,226,1
241,241,1
241,461,1
241,223,1
241,53,1
241,52,1
241,59,1
241,202,1
241,87,1
87,339,1
124,305,1
124,93,1
124,262,1
124,494,1
124,91,1
124,61,1
124,226,1
124,96,1
124,228,1
124,270,1
124,230,1
21,66,1
21,200,1
21,212,1
21,380,1
21,222,1
21,223,1
21,213,1
21,52,1
21,217,1
21,14,1
21,131,1
171,51,1
171,520,1
171,79,1
171,52,1
171,35,1
171,170,1
171,229,1
171,216,1
171,1,1
171,1032,1
66,61,1
66,35,1
66,224,1
66,227,1
66,24,1
242,64,1
242,352,1
242,386,1
242,9,1
242,131,1
37,36,1
37,353,1
37,270,1
37,97,1
37,198,1
37,133,1
37,379,1
37,73,1
37,598,1
37,251,1
37,52,1
37,786,1
37,814,1
37,64,1
37,623,1
37,519,1
37,61,1
37,130,1
37,229,1
37,824,1
37,1122,1
37,1123,1
37,435,1
37,305,1
37,43,1
53,1057,1
53,1124,1
53,1125,1
243,1,1
243,92,1
243,1126,1
243,69,1
243,293,1
53,293,1
53,69,1
244,95,1
244,92,1
244,229,1
244,794,1
244,61,1
244,638,1
244,292,1
244,696,1
244,218,1
244,294,1
244,592,1
244,514,1
244,1,1
244,58,1
244,296,1
244,134,1
244,61,1
244,227,1
244,226,1
244,224,1
244,76,1
244,230,1
244,228,1
139,212,1
139,43,1
139,35,1
139,76,1
139,226,1
139,61,1
139,545,1
139,294,1
139,67,1
139,1,1
139,385,1
139,9,1
139,303,1
139,431,1
139,194,1
139,380,1
139,204,1
139,66,1
139,129,1
139,79,1
139,79,1
139,352,1
139,217,1
139,64,1
139,197,1
139,163,1
139,354,1
139,36,1
17,8,1
17,368,1
17,536,1
17,52,1
17,33,1
17,43,1
109,36,1
109,196,1
109,163,1
109,52,1
109,61,1
109,33,1
109,473,1
109,65,1
17,6,1
17,220,1
17,60,1
3,73,1
3,39,1
5,61,1
70,36,1
70,35,1
70,303,1
70,73,1
70,41,1
70,42,1
70,647,1
70,43,1
70,305,1
70,1119,1
122,82,1
122,669,1
122,292,1
122,294,1
122,1127,1
122,1029,1
122,124,1
122,749,1
122,849,1
122,295,1
122,493,1
122,287,1
122,591,1
122,229,1
122,1128,1
55,18,1
170,134,1
170,224,1
170,33,1
170,226,1
170,212,1
170,1,1
170,243,1
170,216,1
170,520,1
170,52,1
170,217,1
170,380,1
30,225,1
30,1,1
30,588,1
30,424,1
30,226,1
30,73,1
30,826,1
30,88,1
178,227,1
178,91,1
178,575,1
178,629,1
178,32,1
178,327,1
178,121,1
178,1129,1
245,296,1
245,43,1
245,61,1
245,1,1
245,423,1
8,980,1
8,33,1
8,424,1
37,423,1
37,431,1
37,76,1
37,1,1
37,97,1
37,251,1
37,61,1
37,475,1
37,386,1
246,36,1
246,43,1
246,14,1
246,196,1
246,20,1
246,592,1
246,575,1
246,197,1
246,243,1
246,1,1
246,61,1
246,194,1
246,380,1
246,734,1
246,59,1
246,53,1
246,569,1
246,133,1
246,127,1
246,166,1
246,73,1
246,1118,1
246,304,1
246,303,1
246,51,1
171,177,1
171,54,1
171,592,1
171,73,1
171,591,1
171,197,1
171,783,1
171,386,1
171,129,1
171,1,1
171,598,1
171,520,1
171,202,1
247,36,1
247,424,1
247,225,1
247,494,1
247,226,1
247,231,1
247,262,1
247,294,1
247,76,1
247,213,1
13,92,1
171,134,1
171,229,1
171,39,1
171,4,1
171,61,1
171,194,1
171,127,1
171,168,1
171,36,1
171,131,1
171,63,1
171,14,1
171,355,1
171,6,1
171,217,1
171,212,1
171,231,1
248,61,1
248,41,1
248,92,1
248,424,1
248,638,1
248,196,1
248,33,1
248,36,1
248,194,1
248,64,1
248,14,1
248,304,1
248,170,1
37,24,1
37,378,1
249,324,1
249,54,1
8,324,1
8,200,1
8,520,1
13,521,1
13,223,1
13,1130,1
13,1131,1
13,1132,1
13,1099,1
13,1133,1
13,1134,1
13,869,1
13,892,1
13,1135,1
13,891,1
13,1136,1
13,1099,1
13,1137,1
13,1138,1
13,1033,1
13,1133,1
13,1139,1
13,1137,1
13,869,1
13,1033,1
13,892,1
250,95,1
250,92,1
250,61,1
250,424,1
250,35,1
250,296,1
250,403,1
250,43,1
250,230,1
250,305,1
250,134,1
250,224,1
250,596,1
250,96,1
250,575,1
250,292,1
34,77,1
34,230,1
34,228,1
34,33,1
34,304,1
34,134,1
34,97,1
34,424,1
34,216,1
34,66,1
34,43,1
34,827,1
34,1118,1
34,194,1
34,216,1
210,292,1
210,61,1
210,287,1
210,1140,1
178,78,1
178,27,1
178,307,1
178,228,1
178,76,1
178,1026,1
178,872,1
178,618,1
178,292,1
4,1141,1
4,1142,1
4,1143,1
4,1144,1
4,1145,1
4,1146,1
4,1147,1
4,1148,1
4,1149,1
39,35,1
39,194,1
39,592,1
39,64,1
39,595,1
39,131,1
39,890,1
39,1150,1
3,9,1
3,14,1
3,197,1
3,202,1
3,73,1
4,9,1
4,14,1
4,197,1
4,1015,1
251,229,1
251,794,1
252,92,1
252,43,1
252,79,1
252,77,1
200,1151,1
200,1152,1
200,1061,1
200,1153,1
200,1154,1
200,1155,1
200,1156,1
200,1157,1
200,1158,1
200,904,1
200,1159,1
200,1160,1
200,1161,1
200,1162,1
200,1163,1
200,900,1
200,1164,1
200,891,1
200,869,1
200,890,1
3,127,1
3,14,1
3,64,1
3,41,1
3,1032,1
3,905,1
3,1165,1
3,1166,1
3,1167,1
3,1168,1
3,1169,1
3,1170,1
4,1167,1
4,1168,1
4,1166,1
4,1165,1
4,1169,1
4,1170,1
4,1164,1
3,1171,1
4,1171,1
149,227,1
149,226,1
149,91,1
149,96,1
149,229,1
149,305,1
149,43,1
149,225,1
149,78,1
149,99,1
149,88,1
149,223,1
149,296,1
149,33,1
149,1,1
149,61,1
54,1172,1
54,1173,1
54,97,1
54,1174,1
54,1175,1
54,1176,1
54,730,1
54,79,1
54,307,1
54,390,1
54,578,1
54,90,1
54,1024,1
54,41,1
54,494,1
54,76,1
54,1177,1
54,793,1
54,712,1
54,1036,1
54,403,1
54,861,1
54,241,1
54,638,1
54,611,1
54,1178,1
54,93,1
54,1179,1
54,499,1
54,1180,1
54,65,1
54,1181,1
54,230,1
54,84,1
54,224,1
54,966,1
54,292,1
54,91,1
54,240,1
54,286,1
54,366,1
54,388,1
54,225,1
54,517,1
54,95,1
54,77,1
54,43,1
54,1182,1
54,92,1
54,262,1
54,1183,1
178,1184,1
178,18,1
178,138,1
178,24,1
178,27,1
178,450,1
178,88,1
178,76,1
178,229,1
37,36,1
37,64,1
37,43,1
37,76,1
37,300,1
37,433,1
37,1185,1
37,1186,1
37,42,1
37,386,1
37,379,1
37,129,1
37,217,1
37,251,1
37,14,1
37,51,1
253,100,1
253,92,1
253,450,1
253,346,1
253,201,1
253,324,1
253,201,1
253,200,1
253,324,1
253,200,1
253,324,1
253,384,1
8,555,1
8,258,1
8,380,1
64,54,1
64,202,1
64,303,1
64,61,1
64,226,1
64,230,1
54,200,1
54,229,1
54,95,1
3,76,1
3,55,1
3,447,1
3,322,1
3,450,1
3,147,1
3,176,1
3,798,1
53,364,1
53,363,1
53,1187,1
53,426,1
8,355,1
8,623,1
8,1,1
8,223,1
8,9,1
8,872,1
8,1188,1
8,1189,1
8,462,1
8,799,1
8,1190,1
8,194,1
8,33,1
8,170,1
8,127,1
8,1038,1
8,295,1
8,223,1
8,302,1
8,243,1
8,43,1
8,1015,1
8,228,1
8,733,1
8,730,1
8,76,1
8,222,1
8,1185,1
8,799,1
8,861,1
8,63,1
8,196,1
254,43,1
254,134,1
254,575,1
254,78,1
254,223,1
254,296,1
254,424,1
254,518,1
254,227,1
254,61,1
254,660,1
254,588,1
254,1191,1
254,790,1
254,287,1
254,297,1
254,759,1
254,349,1
254,796,1
29,345,1
29,1192,1
171,313,1
171,1193,1
171,4,1
171,122,1
171,60,1
171,1194,1
171,1195,1
171,1196,1
171,655,1
171,1197,1
255,134,1
255,224,1
255,229,1
255,41,1
255,526,1
255,61,1
255,43,1
255,76,1
255,96,1
255,77,1
255,228,1
255,305,1
255,270,1
255,78,1
255,91,1
255,93,1
255,790,1
255,435,1
255,89,1
255,471,1
255,1198,1
255,1199,1
255,1200,1
255,903,1
255,1201,1
255,1202,1
241,43,1
241,1203,1
241,76,1
241,35,1
241,36,1
241,1,1
241,41,1
241,124,1
241,92,1
241,289,1
241,1204,1
241,768,1
241,212,1
241,358,1
241,1205,1
241,1206,1
241,826,1
241,443,1
44,35,1
44,134,1
44,226,1
44,227,1
44,224,1
44,305,1
44,78,1
256,43,1
256,199,1
149,61,1
149,35,1
149,76,1
213,1129,1
213,1207,1
213,1129,1
213,675,1
213,1208,1
213,1209,1
213,1210,1
213,1211,1
213,1212,1
213,1213,1
213,50,1
213,1076,1
213,1214,1
213,1215,1
90,389,1
90,79,1
90,196,1
90,14,1
16,76,1
16,225,1
16,77,1
16,64,1
16,202,1
16,61,1
16,78,1
16,294,1
16,61,1
16,305,1
257,1,1
257,73,1
257,53,1
257,33,1
257,20,1
257,51,1
257,64,1
257,197,1
257,194,1
257,129,1
257,379,1
257,14,1
257,380,1
257,734,1
257,304,1
257,127,1
257,203,1
130,212,1
130,67,1
130,769,1
130,520,1
130,1216,1
130,64,1
130,65,1
130,198,1
130,133,1
130,1217,1
130,1172,1
130,517,1
130,9,1
130,462,1
130,1218,1
130,1219,1
130,1220,1
130,1221,1
242,52,1
242,41,1
242,35,1
242,303,1
242,66,1
242,43,1
242,197,1
242,226,1
242,63,1
242,127,1
242,79,1
242,204,1
242,242,1
242,64,1
242,300,1
242,129,1
242,304,1
123,61,1
123,194,1
123,388,1
123,14,1
123,36,1
123,390,1
123,134,1
123,1222,1
123,225,1
123,493,1
123,618,1
69,76,1
69,77,1
69,296,1
69,522,1
69,385,1
69,668,1
69,588,1
69,204,1
69,249,1
69,281,1
69,342,1
69,170,1
69,919,1
69,588,1
69,727,1
69,588,1
69,773,1
69,196,1
69,59,1
69,35,1
16,134,1
16,77,1
16,78,1
16,390,1
16,196,1
16,825,1
16,249,1
16,342,1
16,1223,1
16,134,1
16,51,1
16,123,1
16,36,1
16,33,1
16,126,1
16,170,1
16,2,1
16,79,1
16,792,1
16,424,1
16,773,1
16,622,1
16,1224,1
16,193,1
16,52,1
16,43,1
16,130,1
16,294,1
16,597,1
16,623,1
258,6,1
258,4,1
258,1225,1
258,216,1
258,54,1
130,1,1
130,1226,1
130,14,1
130,216,1
130,193,1
178,592,1
178,8,1
178,14,1
178,63,1
178,64,1
178,43,1
178,73,1
178,303,1
178,1,1
178,61,1
178,51,1
178,35,1
178,33,1
178,202,1
178,380,1
178,52,1
137,54,1
137,200,1
137,212,1
137,62,1
137,303,1
137,9,1
137,163,1
137,515,1
137,65,1
137,622,1
137,366,1
137,224,1
137,798,1
137,128,1
137,196,1
137,232,1
137,546,1
137,129,1
137,773,1
137,403,1
137,974,1
137,730,1
137,92,1
137,223,1
137,43,1
137,170,1
137,201,1
137,64,1
79,1227,1
79,270,1
79,96,1
79,821,1
79,79,1
79,225,1
79,77,1
79,78,1
79,241,1
79,43,1
79,88,1
79,262,1
79,958,1
79,93,1
79,250,1
79,55,1
79,61,1
79,208,1
79,403,1
79,640,1
79,228,1
237,305,1
237,91,1
237,93,1
237,99,1
237,94,1
237,1228,1
237,470,1
237,778,1
237,80,1
237,545,1
237,848,1
237,547,1
237,1127,1
237,306,1
237,696,1
237,1229,1
237,1230,1
237,1231,1
237,1232,1
237,1233,1
237,1234,1
237,1235,1
237,1236,1
237,1237,1
237,1238,1
237,1239,1
237,1240,1
237,1241,1
192,231,1
192,54,1
192,226,1
192,61,1
192,294,1
192,76,1
192,225,1
192,134,1
192,270,1
192,201,1
192,1040,1
192,324,1
192,345,1
242,123,1
242,380,1
242,234,1
242,379,1
242,204,1
242,170,1
242,63,1
242,51,1
242,202,1
242,217,1
242,53,1
242,36,1
242,73,1
242,97,1
242,212,1
242,236,1
242,41,1
242,303,1
242,163,1
242,67,1
242,35,1
242,83,1
242,622,1
242,1242,1
242,229,1
242,92,1
242,64,1
242,33,1
242,66,1
33,43,1
33,127,1
33,36,1
33,1,1
33,41,1
33,63,1
33,22,1
33,194,1
33,64,1
33,9,1
33,216,1
33,14,1
237,61,1
237,35,1
237,230,1
237,76,1
237,43,1
237,294,1
237,226,1
66,309,1
66,1243,1
66,39,1
66,110,1
66,364,1
66,486,1
66,363,1
66,1244,1
259,165,1
259,6,1
259,56,1
259,57,1
259,190,1
259,53,1
259,2,1
259,15,1
259,33,1
3,64,1
13,194,1
13,33,1
13,170,1
13,307,1
13,131,1
13,53,1
13,36,1
13,52,1
13,379,1
13,51,1
13,300,1
13,64,1
42,59,1
42,6,1
42,52,1
42,202,1
42,197,1
42,216,1
42,973,1
42,228,1
42,450,1
42,41,1
42,133,1
42,194,1
42,354,1
42,55,1
42,303,1
42,168,1
6,490,1
6,1172,1
6,201,1
6,545,1
6,488,1
6,1232,1
6,633,1
6,496,1
6,637,1
6,65,1
6,235,1
6,1016,1
6,234,1
6,547,1
6,202,1
6,1245,1
6,223,1
6,1246,1
6,212,1
6,159,1
6,238,1
260,225,1
260,76,1
260,224,1
260,134,1
260,229,1
260,296,1
260,78,1
260,90,1
260,403,1
260,494,1
260,270,1
260,95,1
260,262,1
260,226,1
260,305,1
260,300,1
260,231,1
260,308,1
260,58,1
260,223,1
246,43,1
246,14,1
246,127,1
246,304,1
246,131,1
246,227,1
246,61,1
246,305,1
246,36,1
246,163,1
246,204,1
246,352,1
246,380,1
246,553,1
246,515,1
246,212,1
246,199,1
99,33,1
99,1,1
99,727,1
99,626,1
99,973,1
133,14,1
133,97,1
133,226,1
261,668,1
261,1247,1
261,588,1
261,349,1
261,201,1
261,1172,1
261,636,1
261,382,1
261,212,1
261,1248,1
261,146,1
261,220,1
13,43,1
13,92,1
13,306,1
13,100,1
16,50,1
16,257,1
16,8,1
16,122,1
16,50,1
16,38,1
16,165,1
185,44,1
185,6,1
262,61,1
262,33,1
262,1,1
262,35,1
262,1249,1
263,305,1
37,229,1
37,519,1
37,306,1
264,347,1
264,36,1
264,41,1
264,33,1
35,63,1
35,131,1
35,1041,1
35,14,1
35,196,1
35,216,1
35,194,1
35,566,1
35,1250,1
35,258,1
35,163,1
35,61,1
35,198,1
124,1251,1
124,77,1
124,1252,1
124,79,1
124,91,1
124,1253,1
7,79,1
7,494,1
124,334,1
124,344,1
124,336,1
124,323,1
124,977,1
124,629,1
124,1066,1
124,1067,1
124,1068,1
124,1069,1
124,580,1
124,441,1
124,343,1
124,1065,1
124,1078,1
124,1077,1
124,1076,1
124,1075,1
124,55,1
124,206,1
124,30,1
124,1074,1
124,1073,1
124,31,1
124,1072,1
124,447,1
124,1071,1
124,640,1
124,942,1
124,655,1
124,1070,1
101,61,1
101,124,1
101,776,1
81,930,1
81,930,1
265,930,1
265,930,1
265,450,1
81,450,1
124,659,1
124,1254,1
124,332,1
124,336,1
124,96,1
124,328,1
124,88,1
124,1255,1
124,342,1
124,1256,1
124,938,1
124,471,1
124,122,1
124,37,1
124,1257,1
124,343,1
266,1072,1
266,659,1
266,1258,1
266,29,1
266,629,1
266,332,1
266,874,1
266,336,1
266,96,1
266,27,1
266,398,1
266,1259,1
266,1260,1
266,1261,1
266,852,1
266,58,1
266,78,1
266,88,1
266,221,1
266,663,1
266,79,1
266,424,1
266,377,1
266,225,1
266,588,1
266,1262,1
266,1263,1
266,938,1
266,155,1
266,122,1
266,37,1
266,1257,1
266,343,1
266,945,1
5,1264,1
5,1265,1
5,1266,1
5,1267,1
5,867,1
5,1268,1
5,1269,1
5,1270,1
5,1271,1
181,534,1
181,121,1
181,537,1
181,26,1
128,1,1
128,403,1
130,193,1
130,209,1
130,66,1
130,41,1
14,76,1
14,227,1
14,73,1
14,92,1
14,218,1
14,86,1
54,36,1
54,64,1
54,14,1
54,1272,1
54,131,1
54,52,1
54,877,1
54,51,1
54,58,1
54,598,1
54,129,1
54,193,1
54,304,1
54,96,1
54,83,1
54,1273,1
54,1274,1
54,1171,1
54,1099,1
54,1275,1
54,1276,1
54,1277,1
267,64,1
267,8,1
267,163,1
267,63,1
267,727,1
267,324,1
267,20,1
267,76,1
10,170,1
10,64,1
10,194,1
10,424,1
10,597,1
10,292,1
10,35,1
10,41,1
10,73,1
7,33,1
7,1,1
2,398,1
2,360,1
2,43,1
2,54,1
2,64,1
267,43,1
267,79,1
267,569,1
267,53,1
267,196,1
267,1278,1
267,1279,1
267,202,1
267,127,1
267,54,1
267,181,1
267,1280,1
267,1115,1
267,166,1
267,292,1
267,591,1
267,593,1
267,349,1
267,73,1
267,36,1
267,212,1
267,252,1
267,623,1
267,773,1
267,1116,1
19,598,1
19,598,1
22,324,1
22,200,1
22,194,1
22,131,1
22,54,1
22,545,1
22,212,1
22,159,1
146,632,1
146,386,1
146,374,1
146,44,1
146,22,1
146,182,1
146,309,1
146,515,1
146,1015,1
146,759,1
146,352,1
146,41,1
149,134,1
149,378,1
149,336,1
149,582,1
149,651,1
149,281,1
149,36,1
149,93,1
149,854,1
149,88,1
149,655,1
149,227,1
149,1281,1
5,170,1
5,36,1
5,433,1
5,1,1
5,736,1
5,267,1
5,178,1
29,303,1
29,212,1
29,41,1
29,67,1
21,54,1
21,212,1
21,222,1
21,236,1
21,67,1
21,41,1
21,243,1
21,303,1
21,385,1
21,73,1
21,14,1
233,199,1
233,215,1
233,42,1
233,73,1
233,243,1
233,234,1
233,41,1
268,346,1
268,450,1
268,346,1
268,229,1
268,450,1
268,26,1
268,156,1
268,534,1
22,62,1
22,194,1
22,33,1
22,61,1
22,1,1
22,216,1
22,51,1
22,36,1
22,52,1
22,163,1
22,300,1
22,292,1
22,514,1
22,983,1
22,299,1
22,288,1
22,62,1
22,294,1
22,100,1
22,1282,1
22,1283,1
22,1284,1
7,73,1
8,43,1
8,79,1
8,391,1
8,727,1
8,240,1
8,123,1
8,204,1
8,792,1
8,347,1
8,129,1
8,131,1
8,66,1
8,52,1
8,379,1
8,6,1
8,193,1
8,51,1
269,1255,1
269,346,1
269,1285,1
269,1286,1
269,1287,1
269,1288,1
7,21,1
7,560,1
7,44,1
7,558,1
7,398,1
7,50,1
7,386,1
7,552,1
7,271,1
7,374,1
7,1289,1
17,36,1
17,6,1
17,43,1
17,203,1
270,450,1
270,604,1
270,331,1
270,1290,1
72,287,1
72,270,1
72,479,1
72,629,1
72,91,1
27,212,1
27,1232,1
27,44,1
7,1291,1
7,1292,1
36,50,1
36,179,1
187,179,1
51,179,1
55,18,1
55,222,1
16,281,1
16,281,1
136,476,1
136,232,1
136,54,1
136,231,1
136,199,1
136,212,1
136,238,1
136,1245,1
136,222,1
136,238,1
136,545,1
136,215,1
136,1085,1
136,239,1
136,1245,1
136,1293,1
3,172,1
8,215,1
8,223,1
8,59,1
8,515,1
8,63,1
8,203,1
51,1294,1
51,108,1
271,194,1
271,127,1
271,54,1
272,194,1
272,821,1
271,821,1
37,227,1
37,76,1
37,226,1
37,61,1
37,333,1
37,1295,1
37,326,1
37,322,1
7,73,1
7,303,1
7,711,1
7,41,1
7,51,1
7,295,1
7,526,1
7,1172,1
7,966,1
7,1025,1
7,814,1
7,491,1
7,1122,1
7,435,1
7,1296,1
7,1297,1
179,226,1
179,95,1
179,134,1
179,96,1
179,228,1
179,61,1
179,270,1
179,43,1
179,387,1
179,93,1
179,54,1
122,64,1
122,73,1
122,42,1
122,43,1
122,36,1
122,227,1
122,592,1
122,61,1
122,53,1
122,33,1
262,76,1
262,1203,1
262,53,1
262,202,1
262,560,1
262,1298,1
262,1299,1
262,377,1
262,406,1
262,229,1
262,1300,1
262,281,1
37,66,1
37,1185,1
37,33,1
37,9,1
37,226,1
37,35,1
70,170,1
70,224,1
70,134,1
70,2,1
70,517,1
70,230,1
70,302,1
70,265,1
70,829,1
70,468,1
70,131,1
70,253,1
70,1186,1
70,461,1
70,1242,1
21,43,1
21,52,1
21,639,1
21,66,1
21,204,1
21,35,1
21,129,1
21,520,1
21,41,1
21,1,1
21,1301,1
19,52,1
19,36,1
19,826,1
19,514,1
19,14,1
19,64,1
19,131,1
19,635,1
19,198,1
19,127,1
56,583,1
56,336,1
56,334,1
56,471,1
56,1253,1
56,344,1
56,277,1
56,355,1
56,580,1
56,88,1
56,343,1
56,661,1
56,330,1
56,629,1
56,699,1
56,159,1
56,331,1
56,323,1
56,532,1
56,259,1
56,660,1
56,1302,1
56,281,1
56,23,1
56,405,1
56,287,1
56,1303,1
56,296,1
56,1304,1
56,1305,1
56,709,1
56,773,1
56,327,1
56,96,1
56,409,1
56,449,1
56,1306,1
56,410,1
56,1307,1
56,55,1
56,581,1
56,655,1
56,1308,1
90,43,1
90,64,1
90,196,1
90,8,1
90,79,1
90,36,1
90,66,1
90,73,1
90,194,1
273,711,1
273,1309,1
273,1310,1
273,224,1
273,1101,1
273,36,1
273,9,1
273,1172,1
273,1023,1
273,52,1
273,994,1
273,1311,1
273,711,1
273,1312,1
273,711,1
273,9,1
273,286,1
273,94,1
273,1,1
273,94,1
273,712,1
273,1311,1
273,291,1
273,1056,1
273,966,1
178,73,1
178,35,1
178,487,1
178,36,1
140,64,1
140,36,1
140,203,1
274,18,1
274,138,1
274,54,1
274,6,1
274,135,1
274,55,1
274,223,1
274,779,1
274,565,1
274,829,1
274,184,1
274,183,1
274,202,1
274,592,1
274,142,1
274,1313,1
274,1314,1
274,1315,1
274,1316,1
274,1317,1
274,1318,1
274,1319,1
240,229,1
240,212,1
240,283,1
240,294,1
240,61,1
275,208,1
275,305,1
275,35,1
275,134,1
276,60,1
276,8,1
276,136,1
276,1320,1
276,39,1
276,189,1
276,986,1
276,10,1
276,171,1
276,165,1
276,20,1
276,6,1
276,624,1
276,1,1
276,76,1
276,736,1
276,78,1
277,170,1
277,51,1
277,81,1
277,127,1
277,347,1
277,193,1
277,202,1
277,66,1
277,52,1
277,36,1
277,54,1
277,203,1
153,333,1
153,629,1
153,1321,1
153,1322,1
153,340,1
19,223,1
19,202,1
19,64,1
8,198,1
8,194,1
8,424,1
8,303,1
8,54,1
8,123,1
26,44,1
26,6,1
7,6,1
7,44,1
30,954,1
30,976,1
30,404,1
30,1263,1
30,1323,1
5,64,1
5,195,1
5,194,1
5,127,1
5,36,1
5,43,1
5,300,1
77,134,1
77,76,1
30,151,1
30,378,1
30,346,1
121,547,1
121,134,1
121,1,1
121,61,1
121,697,1
121,226,1
99,92,1
99,41,1
99,837,1
99,100,1
99,1222,1
99,63,1
99,567,1
99,597,1
99,793,1
99,608,1
99,620,1
99,41,1
99,634,1
99,212,1
99,597,1
99,131,1
262,101,1
262,292,1
262,306,1
262,589,1
262,113,1
262,421,1
262,36,1
262,82,1
262,83,1
262,1324,1
262,1325,1
262,613,1
262,595,1
202,431,1
202,92,1
202,83,1
202,859,1
202,228,1
202,89,1
202,443,1
202,243,1
202,448,1
202,41,1
202,743,1
202,84,1
202,1,1
202,306,1
202,519,1
202,270,1
202,1326,1
202,76,1
202,79,1
202,43,1
54,61,1
54,35,1
99,92,1
99,200,1
124,35,1
124,227,1
124,224,1
124,229,1
124,134,1
124,58,1
124,270,1
124,93,1
124,262,1
7,294,1
7,292,1
7,668,1
7,200,1
7,284,1
7,994,1
7,839,1
7,43,1
7,202,1
7,36,1
116,163,1
116,127,1
116,198,1
116,861,1
116,216,1
116,389,1
116,1327,1
116,270,1
116,194,1
210,41,1
210,223,1
210,33,1
41,55,1
41,57,1
41,165,1
41,560,1
41,56,1
41,8,1
41,272,1
41,273,1
41,19,1
41,15,1
41,22,1
41,278,1
41,736,1
41,39,1
41,44,1
41,1328,1
41,1088,1
41,191,1
41,735,1
41,478,1
41,46,1
41,626,1
278,270,1
278,123,1
278,61,1
278,228,1
278,386,1
278,212,1
278,773,1
278,821,1
278,223,1
40,194,1
40,131,1
40,520,1
40,76,1
40,99,1
40,306,1
40,77,1
40,403,1
40,64,1
40,635,1
40,66,1
40,79,1
40,203,1
124,651,1
124,336,1
124,323,1
124,360,1
124,32,1
124,23,1
124,43,1
124,946,1
124,1329,1
124,321,1
124,35,1
122,66,1
122,198,1
122,1,1
122,347,1
122,575,1
122,300,1
122,2,1
133,18,1
133,156,1
133,122,1
133,15,1
133,60,1
133,50,1
140,193,1
140,304,1
140,54,1
140,821,1
140,216,1
279,488,1
279,345,1
8,35,1
8,61,1
8,475,1
8,366,1
8,625,1
8,223,1
8,697,1
8,43,1
8,88,1
8,292,1
8,1191,1
8,288,1
8,1330,1
16,76,1
16,61,1
16,286,1
16,52,1
16,76,1
16,270,1
16,286,1
16,281,1
17,41,1
17,345,1
17,304,1
17,202,1
5,202,1
5,304,1
5,751,1
21,214,1
21,74,1
21,57,1
21,779,1
21,136,1
21,18,1
21,309,1
21,61,1
21,734,1
21,569,1
21,197,1
21,51,1
21,54,1
21,149,1
21,127,1
21,63,1
21,1331,1
21,1332,1
21,298,1
21,475,1
21,268,1
21,899,1
280,88,1
280,43,1
280,1333,1
280,790,1
280,387,1
280,596,1
280,96,1
280,35,1
280,471,1
280,225,1
280,323,1
280,1258,1
255,360,1
255,229,1
255,227,1
255,334,1
255,281,1
255,206,1
27,229,1
27,334,1
27,281,1
16,227,1
16,334,1
16,250,1
16,659,1
178,227,1
178,334,1
266,1334,1
266,658,1
266,1335,1
266,409,1
266,581,1
266,631,1
266,1336,1
266,629,1
266,1337,1
266,1047,1
266,332,1
266,579,1
266,28,1
266,323,1
266,355,1
266,662,1
266,21,1
266,277,1
266,322,1
266,524,1
266,655,1
266,954,1
266,853,1
266,241,1
266,250,1
281,64,1
281,61,1
281,35,1
281,43,1
281,226,1
281,134,1
178,55,1
178,292,1
178,36,1
178,287,1
178,588,1
178,1338,1
110,78,1
110,76,1
110,575,1
110,96,1
110,224,1
110,226,1
52,214,1
174,73,1
174,61,1
174,64,1
174,54,1
282,76,1
282,61,1
282,52,1
282,36,1
282,821,1
283,64,1
283,43,1
283,51,1
283,193,1
283,163,1
283,727,1
283,520,1
283,598,1
283,593,1
283,123,1
283,58,1
283,33,1
283,14,1
283,131,1
283,194,1
283,61,1
283,216,1
283,35,1
283,41,1
283,626,1
45,821,1
45,202,1
45,352,1
45,217,1
45,52,1
45,127,1
45,35,1
45,303,1
45,61,1
45,1,1
39,41,1
39,92,1
39,227,1
39,50,1
39,377,1
39,205,1
39,377,1
7,292,1
7,349,1
7,1233,1
7,526,1
7,92,1
7,708,1
7,474,1
7,448,1
284,73,1
284,598,1
284,230,1
284,233,1
284,212,1
284,195,1
284,127,1
284,170,1
14,1035,1
130,64,1
7,1339,1
7,1335,1
7,709,1
7,320,1
7,328,1
7,27,1
7,31,1
7,206,1
7,322,1
7,333,1
7,335,1
7,30,1
7,1067,1
7,340,1
7,281,1
7,342,1
7,23,1
7,339,1
7,330,1
7,942,1
7,453,1
7,338,1
7,1340,1
78,43,1
78,9,1
78,424,1
78,198,1
78,73,1
124,224,1
124,227,1
124,225,1
124,93,1
124,58,1
124,262,1
124,226,1
124,575,1
124,1341,1
124,495,1
124,1329,1
124,435,1
124,89,1
124,544,1
124,305,1
124,471,1
124,494,1
124,490,1
124,387,1
124,452,1
124,96,1
124,230,1
124,61,1
124,35,1
124,99,1
3,32,1
3,398,1
285,398,1
285,852,1
3,281,1
3,398,1
137,1342,1
137,1343,1
137,1288,1
137,866,1
137,1344,1
286,36,1
286,194,1
286,196,1
286,448,1
286,43,1
55,59,1
55,223,1
55,170,1
124,305,1
124,582,1
124,336,1
124,96,1
124,366,1
124,43,1
124,471,1
287,1,1
287,134,1
287,355,1
287,843,1
6,131,1
6,1015,1
287,63,1
287,242,1
14,36,1
14,14,1
14,35,1
288,134,1
288,386,1
288,391,1
288,1,1
189,1042,1
189,1,1
189,645,1
189,197,1
189,226,1
189,983,1
189,36,1
230,1,1
52,1,1
230,551,1
230,349,1
230,268,1
230,62,1
230,92,1
230,41,1
230,61,1
230,226,1
230,252,1
230,35,1
230,519,1
52,78,1
52,306,1
52,134,1
52,1186,1
52,43,1
52,423,1
52,296,1
52,424,1
52,431,1
14,668,1
14,549,1
99,217,1
99,475,1
99,36,1
99,129,1
99,303,1
99,64,1
289,229,1
170,1032,1
170,1133,1
170,1345,1
170,1288,1
288,14,1
288,36,1
21,14,1
21,43,1
21,194,1
21,131,1
21,51,1
21,36,1
21,123,1
274,36,1
274,33,1
274,58,1
274,9,1
274,216,1
274,14,1
274,51,1
3,44,1
3,1346,1
3,75,1
3,563,1
3,142,1
3,1347,1
3,736,1
3,562,1
4,44,1
4,1346,1
4,566,1
4,75,1
4,563,1
4,571,1
4,142,1
4,1347,1
4,1348,1
4,736,1
4,881,1
4,562,1
290,534,1
290,121,1
290,537,1
290,953,1
290,627,1
290,928,1
290,1349,1
242,283,1
242,618,1
242,1350,1
242,170,1
242,223,1
242,354,1
242,64,1
242,83,1
242,1351,1
242,133,1
242,355,1
242,9,1
242,216,1
242,41,1
242,1352,1
242,1353,1
19,545,1
4,380,1
4,91,1
4,224,1
4,20,1
4,591,1
4,163,1
4,194,1
4,783,1
4,773,1
4,216,1
4,133,1
4,77,1
4,166,1
4,228,1
4,66,1
4,73,1
4,226,1
4,349,1
200,14,1
200,195,1
200,194,1
200,354,1
200,216,1
200,129,1
200,230,1
200,1229,1
200,471,1
200,1178,1
200,294,1
200,487,1
200,81,1
200,789,1
200,88,1
200,514,1
200,349,1
200,300,1
200,35,1
200,1354,1
200,1355,1
200,1356,1
200,1357,1
200,1358,1
200,1359,1
200,1360,1
200,1361,1
291,43,1
291,95,1
291,292,1
167,426,1
167,430,1
167,428,1
167,309,1
167,363,1
167,441,1
167,1362,1
167,1363,1
167,1364,1
292,326,1
292,450,1
292,328,1
292,32,1
292,327,1
292,330,1
292,333,1
292,335,1
17,1365,1
3,1145,1
4,1145,1
124,134,1
124,335,1
124,853,1
124,55,1
124,655,1
124,1336,1
124,640,1
124,206,1
124,23,1
124,30,1
124,317,1
124,326,1
124,336,1
124,334,1
124,43,1
124,93,1
124,341,1
124,661,1
124,250,1
124,365,1
124,1304,1
124,323,1
124,277,1
124,402,1
124,447,1
124,785,1
124,65,1
124,1366,1
124,652,1
124,1367,1
293,292,1
293,229,1
293,43,1
293,488,1
294,488,1
294,43,1
294,229,1
294,292,1
171,250,1
171,77,1
171,204,1
171,324,1
288,194,1
288,52,1
288,202,1
295,361,1
295,878,1
295,18,1
3,43,1
3,1,1
3,626,1
3,9,1
3,64,1
3,295,1
3,54,1
51,92,1
51,61,1
51,303,1
51,294,1
51,493,1
26,1368,1
29,1369,1
29,50,1
29,42,1
29,122,1
29,346,1
81,1133,1
81,1035,1
81,1370,1
81,1095,1
81,1371,1
81,1276,1
81,1372,1
81,1099,1
56,230,1
56,226,1
56,134,1
56,61,1
56,93,1
56,88,1
56,262,1
56,90,1
56,43,1
21,1373,1
21,1374,1
21,1290,1
21,1375,1
21,1376,1
21,282,1
21,1016,1
21,1377,1
21,1378,1
21,65,1
21,716,1
21,40,1
21,39,1
21,1379,1
21,866,1
21,1344,1
21,1380,1
21,1381,1
21,949,1
21,426,1
21,486,1
21,245,1
21,319,1
21,318,1
21,542,1
21,310,1
21,1382,1
21,86,1
21,574,1
21,597,1
21,890,1
21,1383,1
21,28,1
21,1384,1
191,33,1
191,821,1
10,303,1
10,41,1
10,82,1
10,67,1
10,76,1
10,43,1
10,228,1
10,66,1
10,230,1
10,1,1
10,43,1
10,228,1
10,230,1
10,303,1
10,41,1
10,212,1
10,67,1
133,251,1
133,730,1
133,204,1
133,41,1
133,133,1
133,2,1
133,352,1
133,223,1
133,623,1
133,900,1
44,1385,1
44,725,1
44,281,1
44,342,1
44,402,1
44,875,1
44,701,1
44,773,1
44,405,1
44,854,1
44,1386,1
44,408,1
44,259,1
44,576,1
44,28,1
44,360,1
44,398,1
44,412,1
254,1385,1
254,725,1
254,855,1
254,281,1
254,402,1
254,875,1
254,701,1
254,773,1
254,405,1
254,854,1
254,1386,1
254,408,1
254,259,1
254,202,1
254,28,1
254,360,1
254,398,1
254,412,1
30,296,1
30,1387,1
30,292,1
30,309,1
30,574,1
30,418,1
30,744,1
30,417,1
30,1388,1
30,661,1
30,387,1
30,1389,1
30,773,1
30,416,1
30,310,1
30,1390,1
30,1366,1
30,54,1
30,259,1
30,40,1
30,699,1
30,1391,1
30,1392,1
30,1393,1
30,28,1
30,1261,1
30,1394,1
30,403,1
30,1258,1
30,21,1
30,88,1
30,208,1
30,159,1
30,485,1
30,377,1
30,134,1
37,1395,1
218,64,1
218,66,1
218,123,1
218,380,1
218,9,1
218,127,1
218,877,1
218,131,1
218,595,1
39,127,1
39,52,1
39,36,1
39,61,1
39,35,1
124,334,1
124,946,1
124,250,1
37,91,1
37,96,1
37,1032,1
60,1033,1
60,1032,1
60,865,1
60,1396,1
60,862,1
60,905,1
13,124,1
13,36,1
13,163,1
13,243,1
13,54,1
13,550,1
13,52,1
13,61,1
13,224,1
13,230,1
13,645,1
13,973,1
13,1044,1
13,1397,1
16,281,1
16,365,1
16,525,1
16,25,1
16,1398,1
16,23,1
16,394,1
16,725,1
16,659,1
16,1399,1
16,754,1
16,736,1
16,1400,1
16,662,1
16,27,1
16,1401,1
16,776,1
16,1402,1
16,165,1
8,36,1
8,52,1
8,194,1
8,51,1
8,877,1
8,14,1
3,66,1
3,217,1
3,79,1
3,33,1
3,890,1
13,20,1
13,273,1
13,736,1
13,18,1
13,194,1
13,127,1
13,63,1
13,163,1
13,134,1
43,4,1
43,65,1
43,721,1
43,350,1
43,363,1
43,61,1
43,310,1
43,278,1
43,388,1
43,878,1
43,494,1
8,820,1
8,1403,1
296,61,1
296,303,1
296,41,1
296,1,1
296,36,1
296,33,1
296,64,1
296,424,1
296,195,1
296,304,1
296,391,1
296,194,1
296,226,1
191,11,1
191,1,1
191,138,1
191,257,1
191,158,1
191,76,1
297,223,1
297,73,1
297,43,1
7,201,1
7,213,1
7,36,1
7,51,1
7,43,1
5,33,1
5,144,1
5,38,1
5,38,1
55,220,1
55,33,1
55,8,1
298,95,1
298,794,1
8,36,1
7,6,1
16,1108,1
16,620,1
16,370,1
16,18,1
16,58,1
16,303,1
16,197,1
16,225,1
16,82,1
16,302,1
16,303,1
16,986,1
107,64,1
107,51,1
107,58,1
107,14,1
107,36,1
107,92,1
51,61,1
51,35,1
51,230,1
51,305,1
51,899,1
51,225,1
51,1017,1
51,296,1
51,597,1
51,442,1
51,1404,1
51,26,1
51,693,1
51,1405,1
51,378,1
51,24,1
51,408,1
299,346,1
299,26,1
299,182,1
299,176,1
299,542,1
299,75,1
299,20,1
299,536,1
299,1225,1
299,689,1
299,736,1
299,39,1
299,451,1
299,1406,1
299,1407,1
299,1408,1
300,140,1
300,59,1
300,54,1
300,555,1
300,168,1
300,1409,1
300,1410,1
300,754,1
300,478,1
300,5,1
300,562,1
300,142,1
300,1411,1
129,73,1
129,41,1
129,212,1
129,43,1
129,64,1
129,194,1
129,54,1
129,33,1
25,334,1
25,629,1
25,663,1
25,281,1
25,355,1
25,773,1
124,334,1
124,629,1
124,663,1
124,281,1
110,1154,1
110,1412,1
110,866,1
110,1413,1
110,1414,1
110,1415,1
110,869,1
110,1416,1
110,1417,1
110,1266,1
110,930,1
30,820,1
30,1418,1
30,1419,1
30,1420,1
30,1266,1
301,73,1
301,79,1
301,52,1
301,64,1
301,53,1
301,196,1
301,54,1
301,355,1
301,170,1
301,59,1
301,727,1
301,216,1
220,243,1
220,283,1
220,293,1
220,475,1
220,61,1
220,517,1
220,1331,1
220,124,1
220,1106,1
220,1312,1
220,1107,1
220,620,1
220,1421,1
302,61,1
302,65,1
302,1422,1
302,1423,1
302,1424,1
302,1425,1
302,131,1
302,14,1
302,304,1
302,391,1
302,1272,1
302,63,1
302,130,1
302,53,1
30,226,1
30,942,1
30,225,1
30,333,1
30,1386,1
30,326,1
30,43,1
30,76,1
22,202,1
22,236,1
22,222,1
22,54,1
22,199,1
22,159,1
22,53,1
22,36,1
22,592,1
44,225,1
44,33,1
44,79,1
44,1,1
303,1426,1
303,234,1
303,215,1
303,821,1
303,305,1
303,435,1
303,450,1
303,1427,1
303,1426,1
303,305,1
303,435,1
303,229,1
146,64,1
146,1278,1
146,778,1
146,127,1
146,54,1
146,149,1
146,727,1
146,1428,1
146,134,1
146,386,1
146,490,1
146,123,1
146,598,1
146,128,1
146,181,1
146,1272,1
146,126,1
146,734,1
146,20,1
146,216,1
146,593,1
146,520,1
146,193,1
146,1391,1
146,198,1
146,194,1
146,1429,1
146,1430,1
146,1431,1
146,1432,1
146,1433,1
146,1434,1
146,1435,1
146,1003,1
146,1436,1
146,1437,1
146,1062,1
146,1058,1
146,1287,1
146,1438,1
161,92,1
161,229,1
304,270,1
304,711,1
304,226,1
304,796,1
304,227,1
304,194,1
304,127,1
304,64,1
304,131,1
304,36,1
304,52,1
304,33,1
304,170,1
87,696,1
87,496,1
87,43,1
87,1426,1
87,218,1
87,122,1
87,1439,1
87,1440,1
87,26,1
87,346,1
87,1392,1
87,1441,1
87,224,1
87,1172,1
87,134,1
87,229,1
174,73,1
174,403,1
174,599,1
174,308,1
174,598,1
174,61,1
174,163,1
174,778,1
174,127,1
174,355,1
174,877,1
174,194,1
174,14,1
174,195,1
174,64,1
174,215,1
174,54,1
305,1442,1
305,1443,1
305,1266,1
305,702,1
305,40,1
305,1444,1
305,9,1
305,805,1
305,978,1
40,63,1
40,66,1
40,64,1
40,9,1
40,79,1
40,35,1
40,76,1
30,225,1
30,710,1
30,574,1
30,1047,1
30,582,1
16,626,1
16,349,1
16,305,1
16,493,1
16,435,1
16,1351,1
16,57,1
16,48,1
16,334,1
16,281,1
16,394,1
16,49,1
16,1445,1
16,1446,1
306,229,1
306,227,1
306,548,1
306,96,1
306,91,1
306,243,1
306,41,1
306,1,1
306,294,1
306,95,1
307,709,1
307,250,1
51,26,1
51,1,1
51,349,1
51,450,1
13,450,1
13,349,1
13,1,1
13,1405,1
13,604,1
13,519,1
13,697,1
2,9,1
2,66,1
2,730,1
2,194,1
2,128,1
2,216,1
2,43,1
2,307,1
2,63,1
2,79,1
2,727,1
2,446,1
48,202,1
48,64,1
48,192,1
48,66,1
48,424,1
16,1447,1
16,1448,1
16,1449,1
16,1450,1
16,1451,1
16,1452,1
16,1453,1
16,1454,1
16,1455,1
16,1456,1
16,1457,1
16,1458,1
16,1459,1
16,1460,1
16,1461,1
16,1462,1
16,1463,1
16,1464,1
16,1465,1
16,1466,1
16,1467,1
16,1468,1
60,449,1
60,55,1
60,954,1
60,327,1
60,398,1
60,206,1
60,340,1
60,281,1
60,338,1
3,41,1
3,22,1
3,730,1
3,1469,1
3,54,1
3,304,1
3,127,1
3,559,1
3,6,1
3,1346,1
3,75,1
3,79,1
30,28,1
30,322,1
30,332,1
30,225,1
30,505,1
30,1470,1
308,35,1
308,407,1
308,340,1
308,852,1
308,1323,1
308,23,1
308,1471,1
2,43,1
2,623,1
2,127,1
2,131,1
2,727,1
2,223,1
2,216,1
2,73,1
2,52,1
2,635,1
309,52,1
309,54,1
309,828,1
310,1,1
153,426,1
153,386,1
153,296,1
153,79,1
153,213,1
153,427,1
262,422,1
262,381,1
262,292,1
262,73,1
262,287,1
262,551,1
262,218,1
262,269,1
262,421,1
262,1,1
262,43,1
262,202,1
48,226,1
48,54,1
48,199,1
48,235,1
67,488,1
67,243,1
67,575,1
67,1,1
67,43,1
55,585,1
55,514,1
55,230,1
55,73,1
55,228,1
55,92,1
55,757,1
55,61,1
55,82,1
55,229,1
55,787,1
55,954,1
55,226,1
55,77,1
55,316,1
55,134,1
55,43,1
55,88,1
147,36,1
147,52,1
147,14,1
147,64,1
147,212,1
147,213,1
147,54,1
147,222,1
311,1032,1
311,1277,1
311,1099,1
311,1035,1
311,1472,1
311,1473,1
311,294,1
311,1426,1
311,50,1
311,292,1
311,349,1
130,1,1
130,193,1
130,595,1
130,754,1
130,1410,1
130,122,1
130,1474,1
8,754,1
8,1,1
8,193,1
8,595,1
8,51,1
8,300,1
8,1113,1
8,571,1
8,122,1
8,1474,1
8,1184,1
149,61,1
149,43,1
149,35,1
149,227,1
162,378,1
162,61,1
162,377,1
162,24,1
312,424,1
312,65,1
312,354,1
312,63,1
312,129,1
312,77,1
152,77,1
152,43,1
167,306,1
167,170,1
167,229,1
167,79,1
313,229,1
313,79,1
313,1366,1
313,91,1
313,796,1
313,305,1
313,228,1
21,66,1
21,33,1
21,43,1
35,142,1
35,193,1
35,168,1
35,1475,1
265,521,1
265,1476,1
265,1033,1
265,1477,1
265,1478,1
265,1479,1
265,1480,1
265,1029,1
265,83,1
265,1108,1
265,36,1
265,1035,1
265,92,1
265,294,1
248,9,1
248,398,1
248,212,1
248,35,1
248,176,1
248,20,1
248,1088,1
248,33,1
248,815,1
248,142,1
248,719,1
248,6,1
248,220,1
248,1481,1
307,134,1
307,548,1
307,226,1
307,229,1
307,262,1
307,93,1
307,270,1
16,76,1
16,61,1
16,64,1
16,66,1
16,131,1
16,52,1
314,648,1
314,650,1
314,296,1
314,41,1
314,542,1
98,52,1
98,170,1
130,779,1
130,20,1
130,719,1
130,127,1
130,35,1
130,39,1
130,220,1
64,305,1
64,43,1
64,1278,1
64,20,1
64,242,1
64,1031,1
64,390,1
64,292,1
64,380,1
64,468,1
64,127,1
64,1272,1
64,778,1
64,734,1
64,1428,1
64,35,1
64,1482,1
167,711,1
167,61,1
167,294,1
167,298,1
167,43,1
167,35,1
167,424,1
167,743,1
167,218,1
167,1,1
167,295,1
167,443,1
79,575,1
79,225,1
79,78,1
79,576,1
79,588,1
79,387,1
79,790,1
79,43,1
79,317,1
79,302,1
79,241,1
315,36,1
315,64,1
315,197,1
315,51,1
315,163,1
315,52,1
315,73,1
315,594,1
316,76,1
316,226,1
316,575,1
316,225,1
37,33,1
37,170,1
37,84,1
37,131,1
37,217,1
37,123,1
3,42,1
3,9,1
3,620,1
3,124,1
3,1,1
3,194,1
3,58,1
3,14,1
3,131,1
3,61,1
3,43,1
3,62,1
317,309,1
87,632,1
87,382,1
87,514,1
87,232,1
87,355,1
87,159,1
87,668,1
87,222,1
71,196,1
71,258,1
71,215,1
71,212,1
71,50,1
146,390,1
146,76,1
146,424,1
146,62,1
146,73,1
146,35,1
318,24,1
318,340,1
318,334,1
318,328,1
318,32,1
318,398,1
318,322,1
171,443,1
171,349,1
171,2,1
171,251,1
171,520,1
171,1030,1
171,1324,1
171,1483,1
171,1484,1
171,1485,1
171,1486,1
171,1487,1
171,1488,1
171,1489,1
171,1490,1
21,170,1
21,1116,1
21,591,1
21,433,1
21,9,1
21,215,1
21,1015,1
21,192,1
21,202,1
21,1232,1
21,234,1
21,66,1
21,231,1
21,198,1
21,128,1
21,1272,1
21,129,1
21,53,1
21,204,1
21,149,1
21,1491,1
319,927,1
319,1463,1
319,1492,1
319,1493,1
267,36,1
18,9,1
320,1327,1
320,163,1
320,355,1
320,473,1
320,233,1
230,1494,1
230,559,1
230,546,1
230,1495,1
230,350,1
230,440,1
230,638,1
230,6,1
230,377,1
230,205,1
230,79,1
230,1496,1
230,748,1
230,334,1
230,24,1
230,429,1
230,739,1
230,758,1
230,742,1
230,40,1
230,430,1
230,374,1
230,32,1
230,481,1
230,506,1
230,1362,1
230,50,1
230,122,1
230,441,1
230,39,1
230,428,1
230,439,1
230,27,1
230,427,1
230,536,1
230,426,1
230,1497,1
230,1498,1
230,1499,1
230,1500,1
230,1501,1
230,1502,1
230,1503,1
230,721,1
230,679,1
230,1243,1
230,318,1
230,486,1
230,364,1
230,245,1
230,1504,1
230,1505,1
230,1506,1
218,143,1
218,55,1
218,322,1
218,780,1
41,61,1
41,1,1
41,292,1
41,793,1
41,92,1
74,61,1
74,43,1
74,35,1
74,292,1
7,227,1
7,61,1
7,226,1
7,294,1
7,292,1
240,856,1
240,1507,1
210,541,1
210,1508,1
210,205,1
210,1509,1
214,1509,1
214,205,1
214,755,1
210,755,1
122,73,1
122,598,1
122,593,1
122,52,1
122,294,1
122,1043,1
122,792,1
122,14,1
122,84,1
122,8,1
122,196,1
122,352,1
122,202,1
122,215,1
321,564,1
321,18,1
321,368,1
321,138,1
321,258,1
321,1510,1
321,1511,1
321,1512,1
321,138,1
321,44,1
322,11,1
322,53,1
322,1250,1
322,564,1
322,570,1
322,44,1
322,267,1
322,781,1
322,780,1
322,1348,1
322,572,1
322,5,1
322,1410,1
322,45,1
322,736,1
322,779,1
322,57,1
322,20,1
322,350,1
322,360,1
322,1513,1
210,61,1
210,43,1
16,33,1
16,131,1
16,197,1
16,33,1
16,592,1
16,131,1
323,626,1
323,292,1
323,41,1
323,826,1
323,1106,1
103,626,1
103,292,1
103,41,1
103,826,1
103,1106,1
324,626,1
324,292,1
324,41,1
324,826,1
324,1106,1
324,1514,1
324,472,1
324,730,1
324,778,1
324,194,1
103,194,1
103,1514,1
103,472,1
103,730,1
103,778,1
323,1514,1
323,472,1
323,730,1
323,778,1
323,194,1
323,1044,1
323,293,1
103,293,1
103,1044,1
324,1044,1
324,293,1
251,55,1
251,535,1
251,39,1
251,1515,1
105,1515,1
149,629,1
149,327,1
149,360,1
149,938,1
149,655,1
149,405,1
149,323,1
149,134,1
149,725,1
149,317,1
149,666,1
149,651,1
149,281,1
149,1323,1
149,652,1
146,245,1
146,248,1
146,447,1
146,377,1
146,40,1
146,21,1
146,398,1
146,1516,1
146,1517,1
146,1518,1
146,44,1
146,258,1
146,322,1
146,49,1
146,570,1
146,412,1
146,39,1
146,22,1
3,220,1
3,54,1
3,7,1
4,7,1
4,54,1
4,635,1
77,295,1
77,131,1
77,618,1
77,262,1
77,96,1
77,839,1
77,88,1
77,322,1
77,54,1
77,470,1
77,55,1
120,64,1
120,1,1
120,1408,1
120,18,1
120,370,1
120,1519,1
120,1520,1
120,368,1
120,1521,1
120,257,1
120,168,1
120,220,1
120,258,1
120,322,1
325,36,1
325,52,1
325,597,1
325,203,1
325,14,1
325,197,1
8,305,1
8,6,1
8,22,1
8,197,1
259,736,1
259,242,1
259,127,1
78,9,1
78,41,1
78,194,1
78,2,1
78,42,1
78,76,1
326,270,1
326,159,1
326,229,1
326,33,1
326,296,1
326,435,1
326,229,1
326,92,1
326,43,1
326,306,1
326,305,1
326,138,1
326,220,1
47,73,1
47,1,1
47,764,1
47,61,1
47,287,1
60,99,1
60,790,1
60,403,1
60,91,1
60,227,1
60,36,1
60,1119,1
327,588,1
327,229,1
327,549,1
327,218,1
327,213,1
328,240,1
328,463,1
328,298,1
328,475,1
328,1,1
328,1522,1
328,1523,1
328,100,1
328,1524,1
328,597,1
328,706,1
328,288,1
328,520,1
328,733,1
328,521,1
328,727,1
328,388,1
328,614,1
328,347,1
328,588,1
328,711,1
328,195,1
328,1525,1
328,299,1
328,551,1
328,197,1
328,971,1
328,673,1
328,1082,1
328,88,1
328,825,1
328,295,1
328,1031,1
328,210,1
329,61,1
329,35,1
329,226,1
329,230,1
329,796,1
329,43,1
47,43,1
47,96,1
47,61,1
47,35,1
47,226,1
47,228,1
47,230,1
47,424,1
47,225,1
149,243,1
149,229,1
149,228,1
149,96,1
149,61,1
137,66,1
137,127,1
137,122,1
137,310,1
137,995,1
137,1526,1
252,39,1
252,40,1
252,110,1
252,5,1
252,28,1
252,310,1
252,364,1
252,1527,1
252,43,1
252,300,1
252,51,1
5,592,1
5,1120,1
5,1496,1
5,149,1
5,215,1
5,592,1
5,1120,1
5,1528,1
5,127,1
5,380,1
5,92,1
5,63,1
5,786,1
5,193,1
330,1035,1
330,1033,1
330,1032,1
330,1133,1
330,1434,1
330,226,1
330,294,1
330,92,1
330,61,1
330,1529,1
331,36,1
331,64,1
331,66,1
331,1530,1
331,43,1
331,127,1
331,61,1
331,1,1
331,76,1
331,33,1
331,194,1
331,124,1
331,197,1
331,300,1
331,292,1
331,131,1
331,196,1
331,129,1
331,92,1
331,69,1
331,357,1
331,294,1
331,170,1
331,203,1
331,35,1
331,1531,1
331,14,1
331,133,1
331,585,1
331,1532,1
331,9,1
331,254,1
331,1533,1
331,1534,1
331,784,1
331,1111,1
85,35,1
85,61,1
85,134,1
85,228,1
85,134,1
85,43,1
85,306,1
85,519,1
85,100,1
85,270,1
85,833,1
85,435,1
85,92,1
85,224,1
85,76,1
135,43,1
130,18,1
130,202,1
130,352,1
2,51,1
2,123,1
2,347,1
2,1,1
2,203,1
2,461,1
2,52,1
2,131,1
2,707,1
2,727,1
2,635,1
2,1118,1
2,14,1
51,61,1
51,9,1
51,66,1
171,33,1
18,473,1
18,487,1
18,240,1
18,163,1
18,193,1
18,197,1
18,127,1
18,36,1
18,64,1
18,194,1
18,487,1
18,304,1
18,35,1
18,61,1
18,386,1
18,14,1
18,58,1
18,134,1
18,212,1
18,324,1
18,199,1
18,213,1
19,200,1
19,549,1
19,324,1
332,132,1
332,986,1
332,126,1
332,123,1
332,41,1
332,973,1
332,1225,1
332,168,1
332,94,1
332,346,1
332,216,1
332,243,1
332,20,1
332,36,1
332,26,1
332,75,1
332,505,1
332,1535,1
332,1536,1
332,1537,1
7,52,1
7,33,1
7,64,1
7,66,1
7,61,1
7,76,1
7,216,1
66,363,1
66,738,1
66,43,1
7,91,1
7,226,1
7,270,1
7,76,1
7,103,1
7,227,1
7,134,1
7,229,1
7,225,1
7,461,1
7,88,1
7,262,1
329,43,1
329,76,1
329,227,1
329,305,1
329,461,1
329,228,1
329,61,1
329,134,1
329,226,1
329,230,1
30,134,1
30,225,1
30,631,1
30,655,1
30,377,1
30,28,1
30,43,1
30,88,1
30,1344,1
8,44,1
8,33,1
8,6,1
150,363,1
16,1,1
16,33,1
16,281,1
16,212,1
55,1047,1
55,426,1
55,1000,1
55,440,1
55,1362,1
55,1538,1
55,1539,1
55,1540,1
333,431,1
333,1,1
333,546,1
333,92,1
333,1203,1
333,79,1
37,1272,1
37,193,1
37,202,1
37,877,1
37,388,1
37,127,1
30,866,1
30,1344,1
30,1541,1
30,1542,1
30,1288,1
30,1020,1
30,1543,1
30,1544,1
30,1476,1
30,1545,1
30,1546,1
30,1547,1
30,1548,1
30,1549,1
30,1170,1
30,1550,1
334,26,1
67,36,1
67,52,1
67,43,1
67,519,1
67,1,1
335,229,1
335,92,1
7,170,1
7,730,1
7,304,1
7,798,1
7,191,1
7,176,1
7,1551,1
7,827,1
7,1552,1
7,180,1
7,78,1
7,58,1
7,162,1
7,43,1
336,36,1
336,64,1
336,33,1
336,1,1
336,202,1
336,212,1
70,198,1
70,52,1
70,424,1
70,79,1
70,202,1
70,1121,1
70,165,1
70,1272,1
70,591,1
70,54,1
337,6,1
337,22,1
337,214,1
337,1313,1
337,145,1
337,177,1
337,46,1
337,870,1
337,47,1
337,48,1
337,186,1
337,49,1
337,4,1
337,142,1
337,54,1
337,20,1
5,36,1
5,100,1
5,92,1
5,41,1
5,216,1
5,64,1
5,228,1
338,258,1
338,11,1
338,1346,1
338,20,1
338,127,1
338,193,1
338,772,1
338,379,1
338,293,1
338,128,1
338,292,1
338,294,1
338,75,1
338,57,1
338,1553,1
26,1345,1
26,1032,1
26,1554,1
26,192,1
26,821,1
46,36,1
46,52,1
46,43,1
46,424,1
46,9,1
46,1,1
46,76,1
46,2,1
46,565,1
46,1555,1
46,197,1
46,300,1
46,304,1
46,204,1
46,226,1
46,35,1
46,61,1
46,131,1
21,35,1
21,194,1
21,131,1
21,51,1
21,379,1
21,204,1
21,129,1
21,123,1
189,194,1
189,91,1
189,11,1
189,19,1
189,735,1
189,258,1
189,402,1
189,266,1
189,560,1
189,44,1
189,565,1
189,360,1
189,1515,1
191,6,1
191,54,1
191,20,1
191,552,1
191,571,1
191,322,1
191,956,1
78,14,1
78,127,1
78,216,1
78,217,1
78,1,1
78,66,1
78,33,1
133,324,1
133,384,1
133,488,1
133,201,1
133,200,1
40,324,1
40,200,1
40,212,1
40,384,1
339,4,1
339,142,1
339,780,1
339,566,1
339,131,1
339,76,1
339,18,1
339,9,1
339,14,1
339,6,1
339,8,1
340,224,1
340,43,1
340,1556,1
41,269,1
41,1557,1
41,43,1
41,575,1
41,35,1
41,228,1
122,212,1
122,50,1
122,61,1
122,14,1
122,33,1
124,938,1
124,655,1
124,640,1
124,402,1
124,334,1
124,323,1
124,336,1
124,629,1
124,344,1
124,1047,1
124,261,1
124,666,1
8,92,1
8,33,1
7,33,1
7,1,1
7,62,1
8,304,1
8,127,1
8,1,1
8,193,1
8,296,1
8,575,1
8,221,1
8,79,1
8,52,1
341,76,1
341,281,1
341,229,1
341,41,1
341,227,1
341,305,1
341,94,1
341,403,1
341,2,1
341,821,1
341,1,1
46,36,1
46,131,1
46,43,1
34,581,1
34,292,1
34,227,1
34,629,1
34,223,1
34,127,1
34,216,1
34,559,1
34,39,1
137,163,1
137,226,1
137,92,1
137,300,1
137,58,1
137,61,1
137,129,1
137,35,1
137,41,1
137,1,1
137,128,1
137,520,1
137,65,1
137,230,1
137,242,1
137,170,1
137,67,1
137,133,1
137,2,1
137,197,1
137,52,1
137,36,1
137,79,1
137,43,1
137,66,1
137,194,1
137,33,1
137,127,1
137,216,1
137,304,1
137,730,1
137,131,1
252,242,1
252,1558,1
179,200,1
179,384,1
179,202,1
179,53,1
179,95,1
179,226,1
179,292,1
179,61,1
46,36,1
46,43,1
46,296,1
46,35,1
46,51,1
6,36,1
6,66,1
6,43,1
6,52,1
6,296,1
192,36,1
192,35,1
192,1351,1
192,1559,1
192,200,1
6,200,1
46,201,1
30,270,1
30,96,1
30,1,1
30,61,1
149,61,1
149,43,1
149,224,1
149,35,1
149,377,1
149,629,1
149,281,1
149,582,1
149,23,1
149,259,1
149,1386,1
149,342,1
149,1560,1
149,1561,1
149,402,1
342,402,1
342,1561,1
342,327,1
342,1386,1
342,342,1
342,1560,1
342,227,1
342,281,1
342,377,1
342,629,1
342,582,1
342,23,1
342,334,1
342,1337,1
342,21,1
342,631,1
342,524,1
149,398,1
153,427,1
153,518,1
153,431,1
283,324,1
283,43,1
283,36,1
283,384,1
283,193,1
283,58,1
283,14,1
283,131,1
283,33,1
283,194,1
283,216,1
128,202,1
128,196,1
128,11,1
8,737,1
8,815,1
8,1514,1
8,54,1
8,146,1
8,734,1
343,151,1
343,2,1
343,18,1
343,163,1
7,424,1
7,62,1
7,1,1
7,65,1
7,163,1
60,61,1
60,76,1
60,225,1
60,796,1
60,757,1
60,80,1
60,95,1
60,114,1
13,378,1
13,336,1
13,640,1
13,93,1
13,652,1
13,344,1
13,583,1
13,663,1
13,334,1
124,378,1
124,663,1
124,336,1
124,334,1
124,323,1
124,640,1
124,93,1
124,652,1
124,281,1
124,344,1
124,583,1
124,331,1
124,629,1
344,378,1
344,581,1
344,24,1
344,261,1
344,479,1
344,408,1
344,332,1
344,333,1
344,629,1
344,1227,1
344,340,1
344,1562,1
344,377,1
344,365,1
344,326,1
344,322,1
344,1366,1
344,343,1
344,640,1
344,18,1
344,55,1
344,27,1
345,18,1
345,55,1
345,534,1
345,322,1
345,378,1
345,640,1
345,581,1
345,24,1
345,479,1
345,408,1
345,629,1
345,333,1
345,332,1
345,261,1
345,1562,1
345,340,1
345,938,1
345,449,1
345,684,1
345,343,1
345,1366,1
345,326,1
345,377,1
8,64,1
8,197,1
8,63,1
8,196,1
8,226,1
8,217,1
8,79,1
346,90,1
346,77,1
346,494,1
346,241,1
346,946,1
346,1119,1
346,316,1
346,294,1
346,62,1
346,1563,1
346,1564,1
122,43,1
122,6,1
122,14,1
122,67,1
122,1,1
122,626,1
122,123,1
122,136,1
44,194,1
44,216,1
44,1278,1
44,33,1
44,35,1
347,35,1
347,53,1
133,292,1
133,218,1
133,1303,1
133,287,1
133,299,1
133,456,1
133,225,1
133,403,1
133,208,1
133,575,1
133,91,1
133,303,1
133,76,1
133,77,1
133,241,1
240,363,1
240,443,1
240,43,1
240,463,1
240,825,1
240,618,1
240,711,1
240,1565,1
240,1566,1
240,825,1
240,711,1
240,1565,1
240,292,1
240,825,1
240,287,1
240,549,1
240,1217,1
240,232,1
240,1566,1
240,472,1
240,1565,1
240,585,1
240,294,1
240,546,1
240,1567,1
348,426,1
347,424,1
347,52,1
347,43,1
347,64,1
347,35,1
347,432,1
347,1409,1
347,222,1
347,775,1
347,223,1
347,1245,1
16,281,1
14,324,1
14,49,1
14,6,1
14,54,1
14,7,1
14,56,1
14,138,1
14,44,1
14,57,1
14,59,1
14,560,1
14,1568,1
14,1569,1
14,182,1
242,41,1
242,1,1
242,50,1
242,179,1
242,44,1
242,36,1
242,33,1
242,6,1
30,866,1
30,895,1
30,1570,1
30,891,1
339,197,1
339,124,1
339,33,1
339,201,1
339,14,1
339,424,1
339,355,1
339,79,1
339,63,1
210,36,1
210,54,1
210,127,1
210,20,1
210,168,1
210,212,1
210,129,1
210,212,1
210,204,1
210,239,1
210,1571,1
210,1572,1
210,6,1
210,559,1
210,33,1
210,52,1
210,61,1
210,75,1
210,59,1
210,9,1
210,39,1
210,377,1
210,22,1
210,878,1
210,378,1
210,1470,1
210,597,1
64,1017,1
64,711,1
64,42,1
64,622,1
64,54,1
64,194,1
64,127,1
64,216,1
64,92,1
64,386,1
64,366,1
64,588,1
64,475,1
64,204,1
64,129,1
64,1015,1
64,585,1
64,825,1
64,632,1
64,354,1
64,2,1
64,380,1
64,242,1
64,424,1
64,356,1
64,66,1
64,170,1
64,223,1
64,43,1
64,324,1
270,1573,1
270,1574,1
270,1573,1
99,1573,1
349,6,1
349,127,1
349,82,1
349,623,1
349,784,1
349,522,1
130,432,1
130,54,1
130,199,1
350,131,1
350,51,1
350,6,1
350,560,1
350,20,1
350,626,1
351,202,1
351,778,1
351,304,1
351,1278,1
351,734,1
351,54,1
351,61,1
351,224,1
351,35,1
351,783,1
351,134,1
351,877,1
351,64,1
352,54,1
352,202,1
352,194,1
352,1278,1
352,304,1
352,778,1
352,734,1
352,216,1
352,64,1
352,43,1
352,1119,1
352,1122,1
352,305,1
351,149,1
351,273,1
351,194,1
351,6,1
351,8,1
351,14,1
351,127,1
351,272,1
351,320,1
351,47,1
351,1475,1
351,626,1
351,48,1
351,866,1
351,1575,1
351,1576,1
351,1577,1
21,66,1
21,1578,1
21,14,1
21,64,1
314,14,1
314,36,1
314,54,1
314,64,1
314,194,1
314,304,1
314,222,1
314,66,1
314,212,1
314,234,1
326,51,1
326,64,1
326,389,1
326,778,1
326,36,1
140,1579,1
140,52,1
140,129,1
140,707,1
140,1272,1
140,103,1
140,123,1
140,234,1
140,196,1
122,14,1
33,202,1
33,54,1
353,390,1
353,1111,1
353,226,1
353,43,1
354,36,1
354,76,1
231,227,1
231,200,1
208,18,1
208,980,1
208,370,1
208,19,1
208,278,1
258,66,1
258,52,1
258,303,1
258,64,1
258,43,1
258,14,1
258,196,1
258,194,1
140,56,1
140,8,1
289,200,1
289,241,1
289,196,1
355,162,1
355,49,1
355,1580,1
355,870,1
355,1581,1
355,1582,1
355,1583,1
289,229,1
6,200,1
6,303,1
6,61,1
6,203,1
6,66,1
2,64,1
2,43,1
2,304,1
355,384,1
355,200,1
355,36,1
355,64,1
355,64,1
355,76,1
355,43,1
355,1584,1
355,194,1
355,303,1
355,200,1
355,384,1
355,36,1
355,36,1
355,43,1
355,384,1
355,134,1
355,200,1
355,39,1
355,18,1
355,52,1
355,592,1
355,58,1
355,795,1
355,384,1
355,43,1
258,64,1
258,14,1
258,778,1
258,52,1
258,36,1
